ISO-10303-21;
HEADER;
/* Generated by software containing ST-Developer
 * from STEP Tools, Inc. (www.steptools.com) 
 */

FILE_DESCRIPTION(
/* description */ (''),
/* implementation_level */ '2;1');

FILE_NAME(
/* name */ 'Same Full Model Just A Step.step',
/* time_stamp */ '2026-10-05T15:37:23-07:00',
/* author */ (''),
/* organization */ (''),
/* preprocessor_version */ 'ST-DEVELOPER v20.2',
/* originating_system */ 'Autodesk Translation Framework v15.15.0.0',
/* authorisation */ '');

FILE_SCHEMA (('AUTOMOTIVE_DESIGN { 1 0 10303 214 3 1 1 }'));
ENDSEC;

DATA;
#10=MECHANICAL_DESIGN_GEOMETRIC_PRESENTATION_REPRESENTATION('',(#23,#24),
#3203);
#11=ITEM_DEFINED_TRANSFORMATION($,$,#1943,#2111);
#12=ITEM_DEFINED_TRANSFORMATION($,$,#1962,#2112);
#13=(
REPRESENTATION_RELATIONSHIP($,$,#3217,#3216)
REPRESENTATION_RELATIONSHIP_WITH_TRANSFORMATION(#11)
SHAPE_REPRESENTATION_RELATIONSHIP()
);
#14=(
REPRESENTATION_RELATIONSHIP($,$,#3218,#3216)
REPRESENTATION_RELATIONSHIP_WITH_TRANSFORMATION(#12)
SHAPE_REPRESENTATION_RELATIONSHIP()
);
#15=CONTEXT_DEPENDENT_SHAPE_REPRESENTATION(#13,#3214);
#16=CONTEXT_DEPENDENT_SHAPE_REPRESENTATION(#14,#3215);
#17=NEXT_ASSEMBLY_USAGE_OCCURRENCE('Component5:1','Component5:1',
'Component5:1',#3220,#3221,'Component5:1');
#18=NEXT_ASSEMBLY_USAGE_OCCURRENCE('Component6:1','Component6:1',
'Component6:1',#3220,#3222,'Component6:1');
#19=SHAPE_REPRESENTATION_RELATIONSHIP('SRR','None',#3217,#21);
#20=SHAPE_REPRESENTATION_RELATIONSHIP('SRR','None',#3218,#22);
#21=ADVANCED_BREP_SHAPE_REPRESENTATION('',(#25),#3201);
#22=ADVANCED_BREP_SHAPE_REPRESENTATION('',(#26),#3202);
#23=STYLED_ITEM('',(#3236),#25);
#24=STYLED_ITEM('',(#3236),#26);
#25=MANIFOLD_SOLID_BREP('Body1',#1917);
#26=MANIFOLD_SOLID_BREP('Body1',#1918);
#27=FACE_BOUND('',#222,.T.);
#28=FACE_BOUND('',#223,.T.);
#29=FACE_BOUND('',#224,.T.);
#30=FACE_BOUND('',#225,.T.);
#31=FACE_BOUND('',#227,.T.);
#32=FACE_BOUND('',#228,.T.);
#33=FACE_BOUND('',#229,.T.);
#34=FACE_BOUND('',#230,.T.);
#35=FACE_BOUND('',#232,.T.);
#36=FACE_BOUND('',#233,.T.);
#37=FACE_BOUND('',#234,.T.);
#38=FACE_BOUND('',#235,.T.);
#39=FACE_BOUND('',#236,.T.);
#40=FACE_BOUND('',#237,.T.);
#41=FACE_BOUND('',#238,.T.);
#42=FACE_BOUND('',#239,.T.);
#43=FACE_BOUND('',#240,.T.);
#44=FACE_BOUND('',#241,.T.);
#45=FACE_BOUND('',#242,.T.);
#46=FACE_BOUND('',#243,.T.);
#47=FACE_BOUND('',#244,.T.);
#48=FACE_BOUND('',#282,.T.);
#49=FACE_BOUND('',#283,.T.);
#50=FACE_BOUND('',#284,.T.);
#51=FACE_BOUND('',#285,.T.);
#52=FACE_BOUND('',#286,.T.);
#53=FACE_BOUND('',#287,.T.);
#54=FACE_BOUND('',#288,.T.);
#55=FACE_BOUND('',#289,.T.);
#56=FACE_BOUND('',#290,.T.);
#57=FACE_BOUND('',#308,.T.);
#58=FACE_BOUND('',#309,.T.);
#59=FACE_BOUND('',#310,.T.);
#60=FACE_BOUND('',#311,.T.);
#61=PLANE('',#1956);
#62=PLANE('',#1957);
#63=PLANE('',#1958);
#64=PLANE('',#1959);
#65=PLANE('',#1960);
#66=PLANE('',#1961);
#67=PLANE('',#1963);
#68=PLANE('',#1998);
#69=PLANE('',#2001);
#70=PLANE('',#2004);
#71=PLANE('',#2007);
#72=PLANE('',#2010);
#73=PLANE('',#2013);
#74=PLANE('',#2016);
#75=PLANE('',#2019);
#76=PLANE('',#2022);
#77=PLANE('',#2025);
#78=PLANE('',#2028);
#79=PLANE('',#2031);
#80=PLANE('',#2034);
#81=PLANE('',#2037);
#82=PLANE('',#2038);
#83=PLANE('',#2039);
#84=PLANE('',#2040);
#85=PLANE('',#2041);
#86=PLANE('',#2042);
#87=PLANE('',#2043);
#88=PLANE('',#2044);
#89=PLANE('',#2045);
#90=PLANE('',#2046);
#91=PLANE('',#2061);
#92=PLANE('',#2062);
#93=PLANE('',#2063);
#94=PLANE('',#2064);
#95=PLANE('',#2072);
#96=PLANE('',#2073);
#97=PLANE('',#2074);
#98=PLANE('',#2075);
#99=PLANE('',#2076);
#100=PLANE('',#2077);
#101=PLANE('',#2082);
#102=PLANE('',#2083);
#103=PLANE('',#2084);
#104=PLANE('',#2085);
#105=PLANE('',#2087);
#106=PLANE('',#2088);
#107=PLANE('',#2090);
#108=PLANE('',#2091);
#109=PLANE('',#2093);
#110=PLANE('',#2094);
#111=PLANE('',#2096);
#112=PLANE('',#2097);
#113=PLANE('',#2099);
#114=PLANE('',#2100);
#115=PLANE('',#2102);
#116=PLANE('',#2103);
#117=PLANE('',#2105);
#118=PLANE('',#2110);
#119=FACE_OUTER_BOUND('',#213,.T.);
#120=FACE_OUTER_BOUND('',#214,.T.);
#121=FACE_OUTER_BOUND('',#215,.T.);
#122=FACE_OUTER_BOUND('',#216,.T.);
#123=FACE_OUTER_BOUND('',#217,.T.);
#124=FACE_OUTER_BOUND('',#218,.T.);
#125=FACE_OUTER_BOUND('',#219,.T.);
#126=FACE_OUTER_BOUND('',#220,.T.);
#127=FACE_OUTER_BOUND('',#221,.T.);
#128=FACE_OUTER_BOUND('',#226,.T.);
#129=FACE_OUTER_BOUND('',#231,.T.);
#130=FACE_OUTER_BOUND('',#245,.T.);
#131=FACE_OUTER_BOUND('',#246,.T.);
#132=FACE_OUTER_BOUND('',#247,.T.);
#133=FACE_OUTER_BOUND('',#248,.T.);
#134=FACE_OUTER_BOUND('',#249,.T.);
#135=FACE_OUTER_BOUND('',#250,.T.);
#136=FACE_OUTER_BOUND('',#251,.T.);
#137=FACE_OUTER_BOUND('',#252,.T.);
#138=FACE_OUTER_BOUND('',#253,.T.);
#139=FACE_OUTER_BOUND('',#254,.T.);
#140=FACE_OUTER_BOUND('',#255,.T.);
#141=FACE_OUTER_BOUND('',#256,.T.);
#142=FACE_OUTER_BOUND('',#257,.T.);
#143=FACE_OUTER_BOUND('',#258,.T.);
#144=FACE_OUTER_BOUND('',#259,.T.);
#145=FACE_OUTER_BOUND('',#260,.T.);
#146=FACE_OUTER_BOUND('',#261,.T.);
#147=FACE_OUTER_BOUND('',#262,.T.);
#148=FACE_OUTER_BOUND('',#263,.T.);
#149=FACE_OUTER_BOUND('',#264,.T.);
#150=FACE_OUTER_BOUND('',#265,.T.);
#151=FACE_OUTER_BOUND('',#266,.T.);
#152=FACE_OUTER_BOUND('',#267,.T.);
#153=FACE_OUTER_BOUND('',#268,.T.);
#154=FACE_OUTER_BOUND('',#269,.T.);
#155=FACE_OUTER_BOUND('',#270,.T.);
#156=FACE_OUTER_BOUND('',#271,.T.);
#157=FACE_OUTER_BOUND('',#272,.T.);
#158=FACE_OUTER_BOUND('',#273,.T.);
#159=FACE_OUTER_BOUND('',#274,.T.);
#160=FACE_OUTER_BOUND('',#275,.T.);
#161=FACE_OUTER_BOUND('',#276,.T.);
#162=FACE_OUTER_BOUND('',#277,.T.);
#163=FACE_OUTER_BOUND('',#278,.T.);
#164=FACE_OUTER_BOUND('',#279,.T.);
#165=FACE_OUTER_BOUND('',#280,.T.);
#166=FACE_OUTER_BOUND('',#281,.T.);
#167=FACE_OUTER_BOUND('',#291,.T.);
#168=FACE_OUTER_BOUND('',#292,.T.);
#169=FACE_OUTER_BOUND('',#293,.T.);
#170=FACE_OUTER_BOUND('',#294,.T.);
#171=FACE_OUTER_BOUND('',#295,.T.);
#172=FACE_OUTER_BOUND('',#296,.T.);
#173=FACE_OUTER_BOUND('',#297,.T.);
#174=FACE_OUTER_BOUND('',#298,.T.);
#175=FACE_OUTER_BOUND('',#299,.T.);
#176=FACE_OUTER_BOUND('',#300,.T.);
#177=FACE_OUTER_BOUND('',#301,.T.);
#178=FACE_OUTER_BOUND('',#302,.T.);
#179=FACE_OUTER_BOUND('',#303,.T.);
#180=FACE_OUTER_BOUND('',#304,.T.);
#181=FACE_OUTER_BOUND('',#305,.T.);
#182=FACE_OUTER_BOUND('',#306,.T.);
#183=FACE_OUTER_BOUND('',#307,.T.);
#184=FACE_OUTER_BOUND('',#312,.T.);
#185=FACE_OUTER_BOUND('',#313,.T.);
#186=FACE_OUTER_BOUND('',#314,.T.);
#187=FACE_OUTER_BOUND('',#315,.T.);
#188=FACE_OUTER_BOUND('',#316,.T.);
#189=FACE_OUTER_BOUND('',#317,.T.);
#190=FACE_OUTER_BOUND('',#318,.T.);
#191=FACE_OUTER_BOUND('',#319,.T.);
#192=FACE_OUTER_BOUND('',#320,.T.);
#193=FACE_OUTER_BOUND('',#321,.T.);
#194=FACE_OUTER_BOUND('',#322,.T.);
#195=FACE_OUTER_BOUND('',#323,.T.);
#196=FACE_OUTER_BOUND('',#324,.T.);
#197=FACE_OUTER_BOUND('',#325,.T.);
#198=FACE_OUTER_BOUND('',#326,.T.);
#199=FACE_OUTER_BOUND('',#327,.T.);
#200=FACE_OUTER_BOUND('',#328,.T.);
#201=FACE_OUTER_BOUND('',#329,.T.);
#202=FACE_OUTER_BOUND('',#330,.T.);
#203=FACE_OUTER_BOUND('',#331,.T.);
#204=FACE_OUTER_BOUND('',#332,.T.);
#205=FACE_OUTER_BOUND('',#333,.T.);
#206=FACE_OUTER_BOUND('',#334,.T.);
#207=FACE_OUTER_BOUND('',#335,.T.);
#208=FACE_OUTER_BOUND('',#336,.T.);
#209=FACE_OUTER_BOUND('',#337,.T.);
#210=FACE_OUTER_BOUND('',#338,.T.);
#211=FACE_OUTER_BOUND('',#339,.T.);
#212=FACE_OUTER_BOUND('',#340,.T.);
#213=EDGE_LOOP('',(#1251,#1252,#1253,#1254));
#214=EDGE_LOOP('',(#1255,#1256,#1257,#1258));
#215=EDGE_LOOP('',(#1259,#1260,#1261,#1262));
#216=EDGE_LOOP('',(#1263,#1264,#1265,#1266));
#217=EDGE_LOOP('',(#1267,#1268,#1269,#1270));
#218=EDGE_LOOP('',(#1271,#1272,#1273,#1274));
#219=EDGE_LOOP('',(#1275,#1276,#1277,#1278));
#220=EDGE_LOOP('',(#1279,#1280,#1281,#1282));
#221=EDGE_LOOP('',(#1283,#1284,#1285,#1286));
#222=EDGE_LOOP('',(#1287));
#223=EDGE_LOOP('',(#1288));
#224=EDGE_LOOP('',(#1289));
#225=EDGE_LOOP('',(#1290));
#226=EDGE_LOOP('',(#1291,#1292,#1293,#1294));
#227=EDGE_LOOP('',(#1295));
#228=EDGE_LOOP('',(#1296));
#229=EDGE_LOOP('',(#1297));
#230=EDGE_LOOP('',(#1298));
#231=EDGE_LOOP('',(#1299,#1300,#1301,#1302,#1303,#1304,#1305,#1306));
#232=EDGE_LOOP('',(#1307,#1308,#1309,#1310));
#233=EDGE_LOOP('',(#1311,#1312,#1313,#1314));
#234=EDGE_LOOP('',(#1315));
#235=EDGE_LOOP('',(#1316));
#236=EDGE_LOOP('',(#1317));
#237=EDGE_LOOP('',(#1318));
#238=EDGE_LOOP('',(#1319,#1320,#1321,#1322,#1323,#1324,#1325,#1326));
#239=EDGE_LOOP('',(#1327,#1328,#1329,#1330,#1331,#1332,#1333,#1334));
#240=EDGE_LOOP('',(#1335,#1336,#1337,#1338,#1339,#1340,#1341,#1342));
#241=EDGE_LOOP('',(#1343,#1344,#1345,#1346,#1347,#1348,#1349,#1350));
#242=EDGE_LOOP('',(#1351,#1352,#1353,#1354,#1355,#1356,#1357,#1358));
#243=EDGE_LOOP('',(#1359,#1360,#1361,#1362,#1363,#1364,#1365,#1366));
#244=EDGE_LOOP('',(#1367,#1368,#1369,#1370,#1371,#1372,#1373,#1374));
#245=EDGE_LOOP('',(#1375,#1376,#1377,#1378));
#246=EDGE_LOOP('',(#1379,#1380,#1381,#1382));
#247=EDGE_LOOP('',(#1383,#1384,#1385,#1386));
#248=EDGE_LOOP('',(#1387,#1388,#1389,#1390));
#249=EDGE_LOOP('',(#1391,#1392,#1393,#1394));
#250=EDGE_LOOP('',(#1395,#1396,#1397,#1398));
#251=EDGE_LOOP('',(#1399,#1400,#1401,#1402));
#252=EDGE_LOOP('',(#1403,#1404,#1405,#1406));
#253=EDGE_LOOP('',(#1407,#1408,#1409,#1410));
#254=EDGE_LOOP('',(#1411,#1412,#1413,#1414));
#255=EDGE_LOOP('',(#1415,#1416,#1417,#1418));
#256=EDGE_LOOP('',(#1419,#1420,#1421,#1422));
#257=EDGE_LOOP('',(#1423,#1424,#1425,#1426));
#258=EDGE_LOOP('',(#1427,#1428,#1429,#1430));
#259=EDGE_LOOP('',(#1431,#1432,#1433,#1434));
#260=EDGE_LOOP('',(#1435,#1436,#1437,#1438));
#261=EDGE_LOOP('',(#1439,#1440,#1441,#1442));
#262=EDGE_LOOP('',(#1443,#1444,#1445,#1446));
#263=EDGE_LOOP('',(#1447,#1448,#1449,#1450));
#264=EDGE_LOOP('',(#1451,#1452,#1453,#1454));
#265=EDGE_LOOP('',(#1455,#1456,#1457,#1458));
#266=EDGE_LOOP('',(#1459,#1460,#1461,#1462));
#267=EDGE_LOOP('',(#1463,#1464,#1465,#1466));
#268=EDGE_LOOP('',(#1467,#1468,#1469,#1470));
#269=EDGE_LOOP('',(#1471,#1472,#1473,#1474));
#270=EDGE_LOOP('',(#1475,#1476,#1477,#1478));
#271=EDGE_LOOP('',(#1479,#1480,#1481,#1482));
#272=EDGE_LOOP('',(#1483,#1484,#1485,#1486));
#273=EDGE_LOOP('',(#1487,#1488,#1489,#1490));
#274=EDGE_LOOP('',(#1491,#1492,#1493,#1494));
#275=EDGE_LOOP('',(#1495,#1496,#1497,#1498));
#276=EDGE_LOOP('',(#1499,#1500,#1501,#1502));
#277=EDGE_LOOP('',(#1503,#1504,#1505,#1506));
#278=EDGE_LOOP('',(#1507,#1508,#1509,#1510));
#279=EDGE_LOOP('',(#1511,#1512,#1513,#1514));
#280=EDGE_LOOP('',(#1515,#1516,#1517,#1518,#1519));
#281=EDGE_LOOP('',(#1520,#1521,#1522,#1523,#1524,#1525));
#282=EDGE_LOOP('',(#1526,#1527,#1528,#1529,#1530,#1531,#1532,#1533));
#283=EDGE_LOOP('',(#1534,#1535,#1536,#1537,#1538,#1539,#1540,#1541));
#284=EDGE_LOOP('',(#1542,#1543,#1544,#1545,#1546,#1547,#1548,#1549));
#285=EDGE_LOOP('',(#1550,#1551,#1552,#1553,#1554,#1555,#1556,#1557));
#286=EDGE_LOOP('',(#1558,#1559,#1560,#1561,#1562,#1563,#1564,#1565));
#287=EDGE_LOOP('',(#1566,#1567,#1568,#1569,#1570,#1571,#1572,#1573));
#288=EDGE_LOOP('',(#1574,#1575,#1576,#1577,#1578,#1579,#1580,#1581));
#289=EDGE_LOOP('',(#1582,#1583,#1584,#1585));
#290=EDGE_LOOP('',(#1586,#1587,#1588,#1589));
#291=EDGE_LOOP('',(#1590,#1591,#1592,#1593));
#292=EDGE_LOOP('',(#1594,#1595,#1596,#1597));
#293=EDGE_LOOP('',(#1598,#1599,#1600,#1601));
#294=EDGE_LOOP('',(#1602,#1603,#1604,#1605));
#295=EDGE_LOOP('',(#1606,#1607,#1608,#1609));
#296=EDGE_LOOP('',(#1610,#1611,#1612,#1613));
#297=EDGE_LOOP('',(#1614,#1615,#1616,#1617));
#298=EDGE_LOOP('',(#1618,#1619,#1620,#1621));
#299=EDGE_LOOP('',(#1622,#1623,#1624,#1625));
#300=EDGE_LOOP('',(#1626,#1627,#1628,#1629));
#301=EDGE_LOOP('',(#1630,#1631,#1632,#1633));
#302=EDGE_LOOP('',(#1634,#1635,#1636,#1637));
#303=EDGE_LOOP('',(#1638,#1639,#1640,#1641));
#304=EDGE_LOOP('',(#1642,#1643,#1644,#1645));
#305=EDGE_LOOP('',(#1646,#1647,#1648,#1649,#1650));
#306=EDGE_LOOP('',(#1651,#1652,#1653,#1654));
#307=EDGE_LOOP('',(#1655,#1656,#1657,#1658,#1659,#1660,#1661,#1662,#1663,
#1664,#1665,#1666));
#308=EDGE_LOOP('',(#1667));
#309=EDGE_LOOP('',(#1668));
#310=EDGE_LOOP('',(#1669));
#311=EDGE_LOOP('',(#1670));
#312=EDGE_LOOP('',(#1671,#1672,#1673,#1674));
#313=EDGE_LOOP('',(#1675,#1676,#1677,#1678));
#314=EDGE_LOOP('',(#1679,#1680,#1681,#1682));
#315=EDGE_LOOP('',(#1683,#1684,#1685,#1686));
#316=EDGE_LOOP('',(#1687,#1688,#1689,#1690));
#317=EDGE_LOOP('',(#1691,#1692,#1693,#1694));
#318=EDGE_LOOP('',(#1695,#1696,#1697,#1698));
#319=EDGE_LOOP('',(#1699,#1700,#1701,#1702));
#320=EDGE_LOOP('',(#1703,#1704,#1705,#1706));
#321=EDGE_LOOP('',(#1707,#1708,#1709,#1710));
#322=EDGE_LOOP('',(#1711,#1712,#1713,#1714));
#323=EDGE_LOOP('',(#1715,#1716,#1717,#1718));
#324=EDGE_LOOP('',(#1719,#1720,#1721,#1722));
#325=EDGE_LOOP('',(#1723,#1724,#1725,#1726));
#326=EDGE_LOOP('',(#1727,#1728,#1729,#1730));
#327=EDGE_LOOP('',(#1731,#1732,#1733,#1734));
#328=EDGE_LOOP('',(#1735,#1736,#1737,#1738));
#329=EDGE_LOOP('',(#1739,#1740,#1741,#1742));
#330=EDGE_LOOP('',(#1743,#1744,#1745,#1746));
#331=EDGE_LOOP('',(#1747,#1748,#1749,#1750));
#332=EDGE_LOOP('',(#1751,#1752,#1753,#1754));
#333=EDGE_LOOP('',(#1755,#1756,#1757,#1758));
#334=EDGE_LOOP('',(#1759,#1760,#1761,#1762));
#335=EDGE_LOOP('',(#1763,#1764,#1765,#1766));
#336=EDGE_LOOP('',(#1767,#1768,#1769,#1770));
#337=EDGE_LOOP('',(#1771,#1772,#1773,#1774));
#338=EDGE_LOOP('',(#1775,#1776,#1777,#1778));
#339=EDGE_LOOP('',(#1779,#1780,#1781,#1782));
#340=EDGE_LOOP('',(#1783,#1784,#1785,#1786));
#341=LINE('',#2657,#537);
#342=LINE('',#2663,#538);
#343=LINE('',#2669,#539);
#344=LINE('',#2675,#540);
#345=LINE('',#2680,#541);
#346=LINE('',#2682,#542);
#347=LINE('',#2684,#543);
#348=LINE('',#2685,#544);
#349=LINE('',#2688,#545);
#350=LINE('',#2690,#546);
#351=LINE('',#2691,#547);
#352=LINE('',#2694,#548);
#353=LINE('',#2696,#549);
#354=LINE('',#2697,#550);
#355=LINE('',#2699,#551);
#356=LINE('',#2700,#552);
#357=LINE('',#2707,#553);
#358=LINE('',#2709,#554);
#359=LINE('',#2711,#555);
#360=LINE('',#2713,#556);
#361=LINE('',#2715,#557);
#362=LINE('',#2717,#558);
#363=LINE('',#2719,#559);
#364=LINE('',#2720,#560);
#365=LINE('',#2723,#561);
#366=LINE('',#2725,#562);
#367=LINE('',#2727,#563);
#368=LINE('',#2728,#564);
#369=LINE('',#2731,#565);
#370=LINE('',#2733,#566);
#371=LINE('',#2735,#567);
#372=LINE('',#2736,#568);
#373=LINE('',#2747,#569);
#374=LINE('',#2751,#570);
#375=LINE('',#2755,#571);
#376=LINE('',#2759,#572);
#377=LINE('',#2763,#573);
#378=LINE('',#2767,#574);
#379=LINE('',#2771,#575);
#380=LINE('',#2775,#576);
#381=LINE('',#2779,#577);
#382=LINE('',#2783,#578);
#383=LINE('',#2787,#579);
#384=LINE('',#2791,#580);
#385=LINE('',#2795,#581);
#386=LINE('',#2799,#582);
#387=LINE('',#2803,#583);
#388=LINE('',#2807,#584);
#389=LINE('',#2811,#585);
#390=LINE('',#2815,#586);
#391=LINE('',#2819,#587);
#392=LINE('',#2823,#588);
#393=LINE('',#2827,#589);
#394=LINE('',#2831,#590);
#395=LINE('',#2835,#591);
#396=LINE('',#2839,#592);
#397=LINE('',#2843,#593);
#398=LINE('',#2847,#594);
#399=LINE('',#2851,#595);
#400=LINE('',#2855,#596);
#401=LINE('',#2859,#597);
#402=LINE('',#2862,#598);
#403=LINE('',#2865,#599);
#404=LINE('',#2866,#600);
#405=LINE('',#2869,#601);
#406=LINE('',#2873,#602);
#407=LINE('',#2874,#603);
#408=LINE('',#2877,#604);
#409=LINE('',#2880,#605);
#410=LINE('',#2883,#606);
#411=LINE('',#2884,#607);
#412=LINE('',#2887,#608);
#413=LINE('',#2891,#609);
#414=LINE('',#2892,#610);
#415=LINE('',#2895,#611);
#416=LINE('',#2898,#612);
#417=LINE('',#2901,#613);
#418=LINE('',#2902,#614);
#419=LINE('',#2905,#615);
#420=LINE('',#2909,#616);
#421=LINE('',#2910,#617);
#422=LINE('',#2913,#618);
#423=LINE('',#2916,#619);
#424=LINE('',#2919,#620);
#425=LINE('',#2920,#621);
#426=LINE('',#2923,#622);
#427=LINE('',#2927,#623);
#428=LINE('',#2928,#624);
#429=LINE('',#2931,#625);
#430=LINE('',#2934,#626);
#431=LINE('',#2937,#627);
#432=LINE('',#2938,#628);
#433=LINE('',#2941,#629);
#434=LINE('',#2945,#630);
#435=LINE('',#2946,#631);
#436=LINE('',#2949,#632);
#437=LINE('',#2952,#633);
#438=LINE('',#2955,#634);
#439=LINE('',#2956,#635);
#440=LINE('',#2959,#636);
#441=LINE('',#2963,#637);
#442=LINE('',#2964,#638);
#443=LINE('',#2967,#639);
#444=LINE('',#2970,#640);
#445=LINE('',#2973,#641);
#446=LINE('',#2974,#642);
#447=LINE('',#2977,#643);
#448=LINE('',#2981,#644);
#449=LINE('',#2982,#645);
#450=LINE('',#2985,#646);
#451=LINE('',#2987,#647);
#452=LINE('',#2988,#648);
#453=LINE('',#2991,#649);
#454=LINE('',#2992,#650);
#455=LINE('',#2995,#651);
#456=LINE('',#2997,#652);
#457=LINE('',#2998,#653);
#458=LINE('',#3001,#654);
#459=LINE('',#3002,#655);
#460=LINE('',#3005,#656);
#461=LINE('',#3007,#657);
#462=LINE('',#3008,#658);
#463=LINE('',#3011,#659);
#464=LINE('',#3012,#660);
#465=LINE('',#3015,#661);
#466=LINE('',#3016,#662);
#467=LINE('',#3019,#663);
#468=LINE('',#3021,#664);
#469=LINE('',#3022,#665);
#470=LINE('',#3026,#666);
#471=LINE('',#3028,#667);
#472=LINE('',#3030,#668);
#473=LINE('',#3031,#669);
#474=LINE('',#3033,#670);
#475=LINE('',#3034,#671);
#476=LINE('',#3037,#672);
#477=LINE('',#3040,#673);
#478=LINE('',#3044,#674);
#479=LINE('',#3047,#675);
#480=LINE('',#3051,#676);
#481=LINE('',#3054,#677);
#482=LINE('',#3058,#678);
#483=LINE('',#3061,#679);
#484=LINE('',#3065,#680);
#485=LINE('',#3068,#681);
#486=LINE('',#3072,#682);
#487=LINE('',#3075,#683);
#488=LINE('',#3079,#684);
#489=LINE('',#3082,#685);
#490=LINE('',#3085,#686);
#491=LINE('',#3086,#687);
#492=LINE('',#3088,#688);
#493=LINE('',#3089,#689);
#494=LINE('',#3092,#690);
#495=LINE('',#3094,#691);
#496=LINE('',#3095,#692);
#497=LINE('',#3098,#693);
#498=LINE('',#3099,#694);
#499=LINE('',#3102,#695);
#500=LINE('',#3103,#696);
#501=LINE('',#3106,#697);
#502=LINE('',#3107,#698);
#503=LINE('',#3109,#699);
#504=LINE('',#3111,#700);
#505=LINE('',#3113,#701);
#506=LINE('',#3115,#702);
#507=LINE('',#3117,#703);
#508=LINE('',#3119,#704);
#509=LINE('',#3121,#705);
#510=LINE('',#3123,#706);
#511=LINE('',#3125,#707);
#512=LINE('',#3127,#708);
#513=LINE('',#3130,#709);
#514=LINE('',#3131,#710);
#515=LINE('',#3133,#711);
#516=LINE('',#3136,#712);
#517=LINE('',#3137,#713);
#518=LINE('',#3147,#714);
#519=LINE('',#3151,#715);
#520=LINE('',#3153,#716);
#521=LINE('',#3156,#717);
#522=LINE('',#3158,#718);
#523=LINE('',#3161,#719);
#524=LINE('',#3163,#720);
#525=LINE('',#3166,#721);
#526=LINE('',#3168,#722);
#527=LINE('',#3171,#723);
#528=LINE('',#3173,#724);
#529=LINE('',#3176,#725);
#530=LINE('',#3178,#726);
#531=LINE('',#3181,#727);
#532=LINE('',#3183,#728);
#533=LINE('',#3186,#729);
#534=LINE('',#3188,#730);
#535=LINE('',#3190,#731);
#536=LINE('',#3192,#732);
#537=VECTOR('',#2121,1.45);
#538=VECTOR('',#2128,1.45);
#539=VECTOR('',#2135,1.45);
#540=VECTOR('',#2142,1.45);
#541=VECTOR('',#2147,10.);
#542=VECTOR('',#2148,10.);
#543=VECTOR('',#2149,10.);
#544=VECTOR('',#2150,10.);
#545=VECTOR('',#2153,10.);
#546=VECTOR('',#2154,10.);
#547=VECTOR('',#2155,10.);
#548=VECTOR('',#2158,10.);
#549=VECTOR('',#2159,10.);
#550=VECTOR('',#2160,10.);
#551=VECTOR('',#2163,10.);
#552=VECTOR('',#2164,10.);
#553=VECTOR('',#2173,10.);
#554=VECTOR('',#2174,10.);
#555=VECTOR('',#2175,10.);
#556=VECTOR('',#2176,10.);
#557=VECTOR('',#2177,10.);
#558=VECTOR('',#2178,10.);
#559=VECTOR('',#2179,10.);
#560=VECTOR('',#2180,10.);
#561=VECTOR('',#2181,10.);
#562=VECTOR('',#2182,10.);
#563=VECTOR('',#2183,10.);
#564=VECTOR('',#2184,10.);
#565=VECTOR('',#2185,10.);
#566=VECTOR('',#2186,10.);
#567=VECTOR('',#2187,10.);
#568=VECTOR('',#2188,10.);
#569=VECTOR('',#2197,10.);
#570=VECTOR('',#2200,10.);
#571=VECTOR('',#2203,10.);
#572=VECTOR('',#2206,10.);
#573=VECTOR('',#2209,10.);
#574=VECTOR('',#2212,10.);
#575=VECTOR('',#2215,10.);
#576=VECTOR('',#2218,10.);
#577=VECTOR('',#2221,10.);
#578=VECTOR('',#2224,10.);
#579=VECTOR('',#2227,10.);
#580=VECTOR('',#2230,10.);
#581=VECTOR('',#2233,10.);
#582=VECTOR('',#2236,10.);
#583=VECTOR('',#2239,10.);
#584=VECTOR('',#2242,10.);
#585=VECTOR('',#2245,10.);
#586=VECTOR('',#2248,10.);
#587=VECTOR('',#2251,10.);
#588=VECTOR('',#2254,10.);
#589=VECTOR('',#2257,10.);
#590=VECTOR('',#2260,10.);
#591=VECTOR('',#2263,10.);
#592=VECTOR('',#2266,10.);
#593=VECTOR('',#2269,10.);
#594=VECTOR('',#2272,10.);
#595=VECTOR('',#2275,10.);
#596=VECTOR('',#2278,10.);
#597=VECTOR('',#2283,10.);
#598=VECTOR('',#2286,10.);
#599=VECTOR('',#2289,10.);
#600=VECTOR('',#2290,10.);
#601=VECTOR('',#2293,10.);
#602=VECTOR('',#2298,10.);
#603=VECTOR('',#2299,10.);
#604=VECTOR('',#2302,10.);
#605=VECTOR('',#2305,10.);
#606=VECTOR('',#2308,10.);
#607=VECTOR('',#2309,10.);
#608=VECTOR('',#2312,10.);
#609=VECTOR('',#2317,10.);
#610=VECTOR('',#2318,10.);
#611=VECTOR('',#2321,10.);
#612=VECTOR('',#2324,10.);
#613=VECTOR('',#2327,10.);
#614=VECTOR('',#2328,10.);
#615=VECTOR('',#2331,10.);
#616=VECTOR('',#2336,10.);
#617=VECTOR('',#2337,10.);
#618=VECTOR('',#2340,10.);
#619=VECTOR('',#2343,10.);
#620=VECTOR('',#2346,10.);
#621=VECTOR('',#2347,10.);
#622=VECTOR('',#2350,10.);
#623=VECTOR('',#2355,10.);
#624=VECTOR('',#2356,10.);
#625=VECTOR('',#2359,10.);
#626=VECTOR('',#2362,10.);
#627=VECTOR('',#2365,10.);
#628=VECTOR('',#2366,10.);
#629=VECTOR('',#2369,10.);
#630=VECTOR('',#2374,10.);
#631=VECTOR('',#2375,10.);
#632=VECTOR('',#2378,10.);
#633=VECTOR('',#2381,10.);
#634=VECTOR('',#2384,10.);
#635=VECTOR('',#2385,10.);
#636=VECTOR('',#2388,10.);
#637=VECTOR('',#2393,10.);
#638=VECTOR('',#2394,10.);
#639=VECTOR('',#2397,10.);
#640=VECTOR('',#2400,10.);
#641=VECTOR('',#2403,10.);
#642=VECTOR('',#2404,10.);
#643=VECTOR('',#2407,10.);
#644=VECTOR('',#2412,10.);
#645=VECTOR('',#2413,10.);
#646=VECTOR('',#2416,10.);
#647=VECTOR('',#2417,10.);
#648=VECTOR('',#2418,10.);
#649=VECTOR('',#2421,10.);
#650=VECTOR('',#2422,10.);
#651=VECTOR('',#2425,10.);
#652=VECTOR('',#2426,10.);
#653=VECTOR('',#2427,10.);
#654=VECTOR('',#2430,10.);
#655=VECTOR('',#2431,10.);
#656=VECTOR('',#2434,10.);
#657=VECTOR('',#2435,10.);
#658=VECTOR('',#2436,10.);
#659=VECTOR('',#2439,10.);
#660=VECTOR('',#2440,10.);
#661=VECTOR('',#2443,10.);
#662=VECTOR('',#2444,10.);
#663=VECTOR('',#2447,10.);
#664=VECTOR('',#2448,10.);
#665=VECTOR('',#2449,10.);
#666=VECTOR('',#2452,10.);
#667=VECTOR('',#2453,10.);
#668=VECTOR('',#2454,10.);
#669=VECTOR('',#2455,10.);
#670=VECTOR('',#2456,10.);
#671=VECTOR('',#2457,10.);
#672=VECTOR('',#2458,10.);
#673=VECTOR('',#2461,10.);
#674=VECTOR('',#2464,10.);
#675=VECTOR('',#2467,10.);
#676=VECTOR('',#2470,10.);
#677=VECTOR('',#2473,10.);
#678=VECTOR('',#2476,10.);
#679=VECTOR('',#2479,10.);
#680=VECTOR('',#2482,10.);
#681=VECTOR('',#2485,10.);
#682=VECTOR('',#2488,10.);
#683=VECTOR('',#2491,10.);
#684=VECTOR('',#2494,10.);
#685=VECTOR('',#2497,10.);
#686=VECTOR('',#2500,10.);
#687=VECTOR('',#2501,10.);
#688=VECTOR('',#2502,10.);
#689=VECTOR('',#2503,10.);
#690=VECTOR('',#2506,10.);
#691=VECTOR('',#2507,10.);
#692=VECTOR('',#2508,10.);
#693=VECTOR('',#2511,10.);
#694=VECTOR('',#2512,10.);
#695=VECTOR('',#2515,10.);
#696=VECTOR('',#2516,10.);
#697=VECTOR('',#2519,10.);
#698=VECTOR('',#2520,10.);
#699=VECTOR('',#2523,10.);
#700=VECTOR('',#2526,10.);
#701=VECTOR('',#2529,10.);
#702=VECTOR('',#2532,10.);
#703=VECTOR('',#2535,10.);
#704=VECTOR('',#2538,10.);
#705=VECTOR('',#2541,10.);
#706=VECTOR('',#2544,10.);
#707=VECTOR('',#2547,10.);
#708=VECTOR('',#2550,10.);
#709=VECTOR('',#2553,10.);
#710=VECTOR('',#2554,10.);
#711=VECTOR('',#2557,10.);
#712=VECTOR('',#2560,10.);
#713=VECTOR('',#2561,10.);
#714=VECTOR('',#2572,10.);
#715=VECTOR('',#2579,10.);
#716=VECTOR('',#2582,10.);
#717=VECTOR('',#2587,10.);
#718=VECTOR('',#2590,10.);
#719=VECTOR('',#2595,10.);
#720=VECTOR('',#2598,10.);
#721=VECTOR('',#2603,10.);
#722=VECTOR('',#2606,10.);
#723=VECTOR('',#2611,10.);
#724=VECTOR('',#2614,10.);
#725=VECTOR('',#2619,10.);
#726=VECTOR('',#2622,10.);
#727=VECTOR('',#2627,10.);
#728=VECTOR('',#2630,10.);
#729=VECTOR('',#2635,1.45);
#730=VECTOR('',#2638,1.45);
#731=VECTOR('',#2641,1.45);
#732=VECTOR('',#2644,1.45);
#733=CIRCLE('',#1945,1.45);
#734=CIRCLE('',#1946,1.45);
#735=CIRCLE('',#1948,1.45);
#736=CIRCLE('',#1949,1.45);
#737=CIRCLE('',#1951,1.45);
#738=CIRCLE('',#1952,1.45);
#739=CIRCLE('',#1954,1.45);
#740=CIRCLE('',#1955,1.45);
#741=CIRCLE('',#1964,1.45);
#742=CIRCLE('',#1965,1.45);
#743=CIRCLE('',#1966,1.45);
#744=CIRCLE('',#1967,1.45);
#745=CIRCLE('',#1968,0.499999999999998);
#746=CIRCLE('',#1969,0.499999999999998);
#747=CIRCLE('',#1970,0.5);
#748=CIRCLE('',#1971,0.500000000000003);
#749=CIRCLE('',#1972,0.499999999999998);
#750=CIRCLE('',#1973,0.499999999999998);
#751=CIRCLE('',#1974,0.5);
#752=CIRCLE('',#1975,0.5);
#753=CIRCLE('',#1976,0.499999999999998);
#754=CIRCLE('',#1977,0.499999999999998);
#755=CIRCLE('',#1978,0.499999999999999);
#756=CIRCLE('',#1979,0.5);
#757=CIRCLE('',#1980,0.499999999999994);
#758=CIRCLE('',#1981,0.499999999999998);
#759=CIRCLE('',#1982,0.499999999999998);
#760=CIRCLE('',#1983,0.5);
#761=CIRCLE('',#1984,0.499999999999998);
#762=CIRCLE('',#1985,0.499999999999998);
#763=CIRCLE('',#1986,0.5);
#764=CIRCLE('',#1987,0.5);
#765=CIRCLE('',#1988,0.499999999999998);
#766=CIRCLE('',#1989,0.499999999999998);
#767=CIRCLE('',#1990,0.500000000000003);
#768=CIRCLE('',#1991,0.5);
#769=CIRCLE('',#1992,0.499999999999998);
#770=CIRCLE('',#1993,0.499999999999998);
#771=CIRCLE('',#1994,0.5);
#772=CIRCLE('',#1995,0.499999999999998);
#773=CIRCLE('',#1997,0.5);
#774=CIRCLE('',#2000,0.499999999999998);
#775=CIRCLE('',#2003,0.500000000000003);
#776=CIRCLE('',#2006,0.499999999999998);
#777=CIRCLE('',#2009,0.5);
#778=CIRCLE('',#2012,0.499999999999998);
#779=CIRCLE('',#2015,0.499999999999998);
#780=CIRCLE('',#2018,0.499999999999998);
#781=CIRCLE('',#2021,0.499999999999999);
#782=CIRCLE('',#2024,0.499999999999998);
#783=CIRCLE('',#2027,0.5);
#784=CIRCLE('',#2030,0.499999999999998);
#785=CIRCLE('',#2033,0.5);
#786=CIRCLE('',#2036,0.499999999999998);
#787=CIRCLE('',#2047,0.499999999999998);
#788=CIRCLE('',#2048,0.499999999999998);
#789=CIRCLE('',#2049,0.5);
#790=CIRCLE('',#2050,0.499999999999998);
#791=CIRCLE('',#2051,0.5);
#792=CIRCLE('',#2052,0.499999999999998);
#793=CIRCLE('',#2053,0.5);
#794=CIRCLE('',#2054,0.499999999999994);
#795=CIRCLE('',#2055,0.5);
#796=CIRCLE('',#2056,0.499999999999998);
#797=CIRCLE('',#2057,0.5);
#798=CIRCLE('',#2058,0.499999999999998);
#799=CIRCLE('',#2059,0.500000000000003);
#800=CIRCLE('',#2060,0.499999999999998);
#801=CIRCLE('',#2078,1.45);
#802=CIRCLE('',#2079,1.45);
#803=CIRCLE('',#2080,1.45);
#804=CIRCLE('',#2081,1.45);
#805=VERTEX_POINT('',#2654);
#806=VERTEX_POINT('',#2656);
#807=VERTEX_POINT('',#2660);
#808=VERTEX_POINT('',#2662);
#809=VERTEX_POINT('',#2666);
#810=VERTEX_POINT('',#2668);
#811=VERTEX_POINT('',#2672);
#812=VERTEX_POINT('',#2674);
#813=VERTEX_POINT('',#2678);
#814=VERTEX_POINT('',#2679);
#815=VERTEX_POINT('',#2681);
#816=VERTEX_POINT('',#2683);
#817=VERTEX_POINT('',#2687);
#818=VERTEX_POINT('',#2689);
#819=VERTEX_POINT('',#2693);
#820=VERTEX_POINT('',#2695);
#821=VERTEX_POINT('',#2705);
#822=VERTEX_POINT('',#2706);
#823=VERTEX_POINT('',#2708);
#824=VERTEX_POINT('',#2710);
#825=VERTEX_POINT('',#2712);
#826=VERTEX_POINT('',#2714);
#827=VERTEX_POINT('',#2716);
#828=VERTEX_POINT('',#2718);
#829=VERTEX_POINT('',#2721);
#830=VERTEX_POINT('',#2722);
#831=VERTEX_POINT('',#2724);
#832=VERTEX_POINT('',#2726);
#833=VERTEX_POINT('',#2729);
#834=VERTEX_POINT('',#2730);
#835=VERTEX_POINT('',#2732);
#836=VERTEX_POINT('',#2734);
#837=VERTEX_POINT('',#2737);
#838=VERTEX_POINT('',#2739);
#839=VERTEX_POINT('',#2741);
#840=VERTEX_POINT('',#2743);
#841=VERTEX_POINT('',#2745);
#842=VERTEX_POINT('',#2746);
#843=VERTEX_POINT('',#2748);
#844=VERTEX_POINT('',#2750);
#845=VERTEX_POINT('',#2752);
#846=VERTEX_POINT('',#2754);
#847=VERTEX_POINT('',#2756);
#848=VERTEX_POINT('',#2758);
#849=VERTEX_POINT('',#2761);
#850=VERTEX_POINT('',#2762);
#851=VERTEX_POINT('',#2764);
#852=VERTEX_POINT('',#2766);
#853=VERTEX_POINT('',#2768);
#854=VERTEX_POINT('',#2770);
#855=VERTEX_POINT('',#2772);
#856=VERTEX_POINT('',#2774);
#857=VERTEX_POINT('',#2777);
#858=VERTEX_POINT('',#2778);
#859=VERTEX_POINT('',#2780);
#860=VERTEX_POINT('',#2782);
#861=VERTEX_POINT('',#2784);
#862=VERTEX_POINT('',#2786);
#863=VERTEX_POINT('',#2788);
#864=VERTEX_POINT('',#2790);
#865=VERTEX_POINT('',#2793);
#866=VERTEX_POINT('',#2794);
#867=VERTEX_POINT('',#2796);
#868=VERTEX_POINT('',#2798);
#869=VERTEX_POINT('',#2800);
#870=VERTEX_POINT('',#2802);
#871=VERTEX_POINT('',#2804);
#872=VERTEX_POINT('',#2806);
#873=VERTEX_POINT('',#2809);
#874=VERTEX_POINT('',#2810);
#875=VERTEX_POINT('',#2812);
#876=VERTEX_POINT('',#2814);
#877=VERTEX_POINT('',#2816);
#878=VERTEX_POINT('',#2818);
#879=VERTEX_POINT('',#2820);
#880=VERTEX_POINT('',#2822);
#881=VERTEX_POINT('',#2825);
#882=VERTEX_POINT('',#2826);
#883=VERTEX_POINT('',#2828);
#884=VERTEX_POINT('',#2830);
#885=VERTEX_POINT('',#2832);
#886=VERTEX_POINT('',#2834);
#887=VERTEX_POINT('',#2836);
#888=VERTEX_POINT('',#2838);
#889=VERTEX_POINT('',#2841);
#890=VERTEX_POINT('',#2842);
#891=VERTEX_POINT('',#2844);
#892=VERTEX_POINT('',#2846);
#893=VERTEX_POINT('',#2848);
#894=VERTEX_POINT('',#2850);
#895=VERTEX_POINT('',#2852);
#896=VERTEX_POINT('',#2854);
#897=VERTEX_POINT('',#2858);
#898=VERTEX_POINT('',#2860);
#899=VERTEX_POINT('',#2864);
#900=VERTEX_POINT('',#2868);
#901=VERTEX_POINT('',#2872);
#902=VERTEX_POINT('',#2876);
#903=VERTEX_POINT('',#2878);
#904=VERTEX_POINT('',#2882);
#905=VERTEX_POINT('',#2886);
#906=VERTEX_POINT('',#2890);
#907=VERTEX_POINT('',#2894);
#908=VERTEX_POINT('',#2896);
#909=VERTEX_POINT('',#2900);
#910=VERTEX_POINT('',#2904);
#911=VERTEX_POINT('',#2908);
#912=VERTEX_POINT('',#2912);
#913=VERTEX_POINT('',#2914);
#914=VERTEX_POINT('',#2918);
#915=VERTEX_POINT('',#2922);
#916=VERTEX_POINT('',#2926);
#917=VERTEX_POINT('',#2930);
#918=VERTEX_POINT('',#2932);
#919=VERTEX_POINT('',#2936);
#920=VERTEX_POINT('',#2940);
#921=VERTEX_POINT('',#2944);
#922=VERTEX_POINT('',#2948);
#923=VERTEX_POINT('',#2950);
#924=VERTEX_POINT('',#2954);
#925=VERTEX_POINT('',#2958);
#926=VERTEX_POINT('',#2962);
#927=VERTEX_POINT('',#2966);
#928=VERTEX_POINT('',#2968);
#929=VERTEX_POINT('',#2972);
#930=VERTEX_POINT('',#2976);
#931=VERTEX_POINT('',#2980);
#932=VERTEX_POINT('',#2984);
#933=VERTEX_POINT('',#2986);
#934=VERTEX_POINT('',#2990);
#935=VERTEX_POINT('',#2994);
#936=VERTEX_POINT('',#2996);
#937=VERTEX_POINT('',#3000);
#938=VERTEX_POINT('',#3004);
#939=VERTEX_POINT('',#3006);
#940=VERTEX_POINT('',#3010);
#941=VERTEX_POINT('',#3014);
#942=VERTEX_POINT('',#3018);
#943=VERTEX_POINT('',#3020);
#944=VERTEX_POINT('',#3024);
#945=VERTEX_POINT('',#3025);
#946=VERTEX_POINT('',#3027);
#947=VERTEX_POINT('',#3029);
#948=VERTEX_POINT('',#3032);
#949=VERTEX_POINT('',#3035);
#950=VERTEX_POINT('',#3036);
#951=VERTEX_POINT('',#3038);
#952=VERTEX_POINT('',#3042);
#953=VERTEX_POINT('',#3043);
#954=VERTEX_POINT('',#3045);
#955=VERTEX_POINT('',#3049);
#956=VERTEX_POINT('',#3050);
#957=VERTEX_POINT('',#3052);
#958=VERTEX_POINT('',#3056);
#959=VERTEX_POINT('',#3057);
#960=VERTEX_POINT('',#3059);
#961=VERTEX_POINT('',#3063);
#962=VERTEX_POINT('',#3064);
#963=VERTEX_POINT('',#3066);
#964=VERTEX_POINT('',#3070);
#965=VERTEX_POINT('',#3071);
#966=VERTEX_POINT('',#3073);
#967=VERTEX_POINT('',#3077);
#968=VERTEX_POINT('',#3078);
#969=VERTEX_POINT('',#3080);
#970=VERTEX_POINT('',#3084);
#971=VERTEX_POINT('',#3087);
#972=VERTEX_POINT('',#3091);
#973=VERTEX_POINT('',#3093);
#974=VERTEX_POINT('',#3097);
#975=VERTEX_POINT('',#3101);
#976=VERTEX_POINT('',#3105);
#977=VERTEX_POINT('',#3129);
#978=VERTEX_POINT('',#3135);
#979=VERTEX_POINT('',#3138);
#980=VERTEX_POINT('',#3140);
#981=VERTEX_POINT('',#3142);
#982=VERTEX_POINT('',#3144);
#983=EDGE_CURVE('',#805,#805,#733,.T.);
#984=EDGE_CURVE('',#805,#806,#341,.T.);
#985=EDGE_CURVE('',#806,#806,#734,.T.);
#986=EDGE_CURVE('',#807,#807,#735,.T.);
#987=EDGE_CURVE('',#807,#808,#342,.T.);
#988=EDGE_CURVE('',#808,#808,#736,.T.);
#989=EDGE_CURVE('',#809,#809,#737,.T.);
#990=EDGE_CURVE('',#809,#810,#343,.T.);
#991=EDGE_CURVE('',#810,#810,#738,.T.);
#992=EDGE_CURVE('',#811,#811,#739,.T.);
#993=EDGE_CURVE('',#811,#812,#344,.T.);
#994=EDGE_CURVE('',#812,#812,#740,.T.);
#995=EDGE_CURVE('',#813,#814,#345,.T.);
#996=EDGE_CURVE('',#813,#815,#346,.T.);
#997=EDGE_CURVE('',#816,#815,#347,.T.);
#998=EDGE_CURVE('',#814,#816,#348,.T.);
#999=EDGE_CURVE('',#814,#817,#349,.T.);
#1000=EDGE_CURVE('',#818,#816,#350,.T.);
#1001=EDGE_CURVE('',#817,#818,#351,.T.);
#1002=EDGE_CURVE('',#817,#819,#352,.T.);
#1003=EDGE_CURVE('',#820,#818,#353,.T.);
#1004=EDGE_CURVE('',#819,#820,#354,.T.);
#1005=EDGE_CURVE('',#819,#813,#355,.T.);
#1006=EDGE_CURVE('',#815,#820,#356,.T.);
#1007=EDGE_CURVE('',#821,#822,#357,.T.);
#1008=EDGE_CURVE('',#823,#821,#358,.T.);
#1009=EDGE_CURVE('',#824,#823,#359,.T.);
#1010=EDGE_CURVE('',#825,#824,#360,.T.);
#1011=EDGE_CURVE('',#826,#825,#361,.T.);
#1012=EDGE_CURVE('',#827,#826,#362,.T.);
#1013=EDGE_CURVE('',#828,#827,#363,.T.);
#1014=EDGE_CURVE('',#822,#828,#364,.T.);
#1015=EDGE_CURVE('',#829,#830,#365,.T.);
#1016=EDGE_CURVE('',#831,#829,#366,.T.);
#1017=EDGE_CURVE('',#832,#831,#367,.T.);
#1018=EDGE_CURVE('',#830,#832,#368,.T.);
#1019=EDGE_CURVE('',#833,#834,#369,.T.);
#1020=EDGE_CURVE('',#835,#833,#370,.T.);
#1021=EDGE_CURVE('',#836,#835,#371,.T.);
#1022=EDGE_CURVE('',#834,#836,#372,.T.);
#1023=EDGE_CURVE('',#837,#837,#741,.T.);
#1024=EDGE_CURVE('',#838,#838,#742,.T.);
#1025=EDGE_CURVE('',#839,#839,#743,.T.);
#1026=EDGE_CURVE('',#840,#840,#744,.T.);
#1027=EDGE_CURVE('',#841,#842,#373,.T.);
#1028=EDGE_CURVE('',#843,#841,#745,.T.);
#1029=EDGE_CURVE('',#844,#843,#374,.T.);
#1030=EDGE_CURVE('',#845,#844,#746,.T.);
#1031=EDGE_CURVE('',#846,#845,#375,.T.);
#1032=EDGE_CURVE('',#847,#846,#747,.T.);
#1033=EDGE_CURVE('',#848,#847,#376,.T.);
#1034=EDGE_CURVE('',#842,#848,#748,.T.);
#1035=EDGE_CURVE('',#849,#850,#377,.T.);
#1036=EDGE_CURVE('',#851,#849,#749,.T.);
#1037=EDGE_CURVE('',#852,#851,#378,.T.);
#1038=EDGE_CURVE('',#853,#852,#750,.T.);
#1039=EDGE_CURVE('',#854,#853,#379,.T.);
#1040=EDGE_CURVE('',#855,#854,#751,.T.);
#1041=EDGE_CURVE('',#856,#855,#380,.T.);
#1042=EDGE_CURVE('',#850,#856,#752,.T.);
#1043=EDGE_CURVE('',#857,#858,#381,.T.);
#1044=EDGE_CURVE('',#859,#857,#753,.T.);
#1045=EDGE_CURVE('',#860,#859,#382,.T.);
#1046=EDGE_CURVE('',#861,#860,#754,.T.);
#1047=EDGE_CURVE('',#862,#861,#383,.T.);
#1048=EDGE_CURVE('',#863,#862,#755,.T.);
#1049=EDGE_CURVE('',#864,#863,#384,.T.);
#1050=EDGE_CURVE('',#858,#864,#756,.T.);
#1051=EDGE_CURVE('',#865,#866,#385,.T.);
#1052=EDGE_CURVE('',#867,#865,#757,.T.);
#1053=EDGE_CURVE('',#868,#867,#386,.T.);
#1054=EDGE_CURVE('',#869,#868,#758,.T.);
#1055=EDGE_CURVE('',#870,#869,#387,.T.);
#1056=EDGE_CURVE('',#871,#870,#759,.T.);
#1057=EDGE_CURVE('',#872,#871,#388,.T.);
#1058=EDGE_CURVE('',#866,#872,#760,.T.);
#1059=EDGE_CURVE('',#873,#874,#389,.T.);
#1060=EDGE_CURVE('',#875,#873,#761,.T.);
#1061=EDGE_CURVE('',#876,#875,#390,.T.);
#1062=EDGE_CURVE('',#877,#876,#762,.T.);
#1063=EDGE_CURVE('',#878,#877,#391,.T.);
#1064=EDGE_CURVE('',#879,#878,#763,.T.);
#1065=EDGE_CURVE('',#880,#879,#392,.T.);
#1066=EDGE_CURVE('',#874,#880,#764,.T.);
#1067=EDGE_CURVE('',#881,#882,#393,.T.);
#1068=EDGE_CURVE('',#883,#881,#765,.T.);
#1069=EDGE_CURVE('',#884,#883,#394,.T.);
#1070=EDGE_CURVE('',#885,#884,#766,.T.);
#1071=EDGE_CURVE('',#886,#885,#395,.T.);
#1072=EDGE_CURVE('',#887,#886,#767,.T.);
#1073=EDGE_CURVE('',#888,#887,#396,.T.);
#1074=EDGE_CURVE('',#882,#888,#768,.T.);
#1075=EDGE_CURVE('',#889,#890,#397,.T.);
#1076=EDGE_CURVE('',#891,#889,#769,.T.);
#1077=EDGE_CURVE('',#892,#891,#398,.T.);
#1078=EDGE_CURVE('',#893,#892,#770,.T.);
#1079=EDGE_CURVE('',#894,#893,#399,.T.);
#1080=EDGE_CURVE('',#895,#894,#771,.T.);
#1081=EDGE_CURVE('',#896,#895,#400,.T.);
#1082=EDGE_CURVE('',#890,#896,#772,.T.);
#1083=EDGE_CURVE('',#897,#894,#401,.T.);
#1084=EDGE_CURVE('',#898,#897,#773,.T.);
#1085=EDGE_CURVE('',#898,#895,#402,.T.);
#1086=EDGE_CURVE('',#899,#893,#403,.T.);
#1087=EDGE_CURVE('',#897,#899,#404,.T.);
#1088=EDGE_CURVE('',#900,#892,#405,.T.);
#1089=EDGE_CURVE('',#899,#900,#774,.T.);
#1090=EDGE_CURVE('',#901,#891,#406,.T.);
#1091=EDGE_CURVE('',#900,#901,#407,.T.);
#1092=EDGE_CURVE('',#902,#886,#408,.T.);
#1093=EDGE_CURVE('',#903,#902,#775,.T.);
#1094=EDGE_CURVE('',#903,#887,#409,.T.);
#1095=EDGE_CURVE('',#904,#885,#410,.T.);
#1096=EDGE_CURVE('',#902,#904,#411,.T.);
#1097=EDGE_CURVE('',#905,#884,#412,.T.);
#1098=EDGE_CURVE('',#904,#905,#776,.T.);
#1099=EDGE_CURVE('',#906,#883,#413,.T.);
#1100=EDGE_CURVE('',#905,#906,#414,.T.);
#1101=EDGE_CURVE('',#907,#878,#415,.T.);
#1102=EDGE_CURVE('',#908,#907,#777,.T.);
#1103=EDGE_CURVE('',#908,#879,#416,.T.);
#1104=EDGE_CURVE('',#909,#877,#417,.T.);
#1105=EDGE_CURVE('',#907,#909,#418,.T.);
#1106=EDGE_CURVE('',#910,#876,#419,.T.);
#1107=EDGE_CURVE('',#909,#910,#778,.T.);
#1108=EDGE_CURVE('',#911,#875,#420,.T.);
#1109=EDGE_CURVE('',#910,#911,#421,.T.);
#1110=EDGE_CURVE('',#912,#870,#422,.T.);
#1111=EDGE_CURVE('',#913,#912,#779,.T.);
#1112=EDGE_CURVE('',#913,#871,#423,.T.);
#1113=EDGE_CURVE('',#914,#869,#424,.T.);
#1114=EDGE_CURVE('',#912,#914,#425,.T.);
#1115=EDGE_CURVE('',#915,#868,#426,.T.);
#1116=EDGE_CURVE('',#914,#915,#780,.T.);
#1117=EDGE_CURVE('',#916,#867,#427,.T.);
#1118=EDGE_CURVE('',#915,#916,#428,.T.);
#1119=EDGE_CURVE('',#917,#862,#429,.T.);
#1120=EDGE_CURVE('',#918,#917,#781,.T.);
#1121=EDGE_CURVE('',#918,#863,#430,.T.);
#1122=EDGE_CURVE('',#919,#861,#431,.T.);
#1123=EDGE_CURVE('',#917,#919,#432,.T.);
#1124=EDGE_CURVE('',#920,#860,#433,.T.);
#1125=EDGE_CURVE('',#919,#920,#782,.T.);
#1126=EDGE_CURVE('',#921,#859,#434,.T.);
#1127=EDGE_CURVE('',#920,#921,#435,.T.);
#1128=EDGE_CURVE('',#922,#854,#436,.T.);
#1129=EDGE_CURVE('',#923,#922,#783,.T.);
#1130=EDGE_CURVE('',#923,#855,#437,.T.);
#1131=EDGE_CURVE('',#924,#853,#438,.T.);
#1132=EDGE_CURVE('',#922,#924,#439,.T.);
#1133=EDGE_CURVE('',#925,#852,#440,.T.);
#1134=EDGE_CURVE('',#924,#925,#784,.T.);
#1135=EDGE_CURVE('',#926,#851,#441,.T.);
#1136=EDGE_CURVE('',#925,#926,#442,.T.);
#1137=EDGE_CURVE('',#927,#846,#443,.T.);
#1138=EDGE_CURVE('',#928,#927,#785,.T.);
#1139=EDGE_CURVE('',#928,#847,#444,.T.);
#1140=EDGE_CURVE('',#929,#845,#445,.T.);
#1141=EDGE_CURVE('',#927,#929,#446,.T.);
#1142=EDGE_CURVE('',#930,#844,#447,.T.);
#1143=EDGE_CURVE('',#929,#930,#786,.T.);
#1144=EDGE_CURVE('',#931,#843,#448,.T.);
#1145=EDGE_CURVE('',#930,#931,#449,.T.);
#1146=EDGE_CURVE('',#932,#836,#450,.T.);
#1147=EDGE_CURVE('',#933,#932,#451,.T.);
#1148=EDGE_CURVE('',#834,#933,#452,.T.);
#1149=EDGE_CURVE('',#934,#835,#453,.T.);
#1150=EDGE_CURVE('',#932,#934,#454,.T.);
#1151=EDGE_CURVE('',#935,#832,#455,.T.);
#1152=EDGE_CURVE('',#936,#935,#456,.T.);
#1153=EDGE_CURVE('',#830,#936,#457,.T.);
#1154=EDGE_CURVE('',#937,#831,#458,.T.);
#1155=EDGE_CURVE('',#935,#937,#459,.T.);
#1156=EDGE_CURVE('',#938,#826,#460,.T.);
#1157=EDGE_CURVE('',#939,#938,#461,.T.);
#1158=EDGE_CURVE('',#939,#827,#462,.T.);
#1159=EDGE_CURVE('',#940,#825,#463,.T.);
#1160=EDGE_CURVE('',#938,#940,#464,.T.);
#1161=EDGE_CURVE('',#824,#941,#465,.T.);
#1162=EDGE_CURVE('',#940,#941,#466,.T.);
#1163=EDGE_CURVE('',#823,#942,#467,.T.);
#1164=EDGE_CURVE('',#943,#942,#468,.T.);
#1165=EDGE_CURVE('',#941,#943,#469,.T.);
#1166=EDGE_CURVE('',#944,#945,#470,.T.);
#1167=EDGE_CURVE('',#946,#944,#471,.T.);
#1168=EDGE_CURVE('',#947,#946,#472,.T.);
#1169=EDGE_CURVE('',#942,#947,#473,.T.);
#1170=EDGE_CURVE('',#942,#948,#474,.T.);
#1171=EDGE_CURVE('',#945,#948,#475,.T.);
#1172=EDGE_CURVE('',#949,#950,#476,.T.);
#1173=EDGE_CURVE('',#950,#951,#787,.T.);
#1174=EDGE_CURVE('',#951,#898,#477,.T.);
#1175=EDGE_CURVE('',#901,#949,#788,.T.);
#1176=EDGE_CURVE('',#952,#953,#478,.T.);
#1177=EDGE_CURVE('',#953,#954,#789,.T.);
#1178=EDGE_CURVE('',#954,#903,#479,.T.);
#1179=EDGE_CURVE('',#906,#952,#790,.T.);
#1180=EDGE_CURVE('',#955,#956,#480,.T.);
#1181=EDGE_CURVE('',#956,#957,#791,.T.);
#1182=EDGE_CURVE('',#957,#908,#481,.T.);
#1183=EDGE_CURVE('',#911,#955,#792,.T.);
#1184=EDGE_CURVE('',#958,#959,#482,.T.);
#1185=EDGE_CURVE('',#959,#960,#793,.T.);
#1186=EDGE_CURVE('',#960,#913,#483,.T.);
#1187=EDGE_CURVE('',#916,#958,#794,.T.);
#1188=EDGE_CURVE('',#961,#962,#484,.T.);
#1189=EDGE_CURVE('',#962,#963,#795,.T.);
#1190=EDGE_CURVE('',#963,#918,#485,.T.);
#1191=EDGE_CURVE('',#921,#961,#796,.T.);
#1192=EDGE_CURVE('',#964,#965,#486,.T.);
#1193=EDGE_CURVE('',#965,#966,#797,.T.);
#1194=EDGE_CURVE('',#966,#923,#487,.T.);
#1195=EDGE_CURVE('',#926,#964,#798,.T.);
#1196=EDGE_CURVE('',#967,#968,#488,.T.);
#1197=EDGE_CURVE('',#968,#969,#799,.T.);
#1198=EDGE_CURVE('',#969,#928,#489,.T.);
#1199=EDGE_CURVE('',#931,#967,#800,.T.);
#1200=EDGE_CURVE('',#970,#933,#490,.T.);
#1201=EDGE_CURVE('',#934,#970,#491,.T.);
#1202=EDGE_CURVE('',#971,#936,#492,.T.);
#1203=EDGE_CURVE('',#937,#971,#493,.T.);
#1204=EDGE_CURVE('',#972,#946,#494,.T.);
#1205=EDGE_CURVE('',#972,#973,#495,.T.);
#1206=EDGE_CURVE('',#973,#947,#496,.T.);
#1207=EDGE_CURVE('',#974,#944,#497,.T.);
#1208=EDGE_CURVE('',#974,#972,#498,.T.);
#1209=EDGE_CURVE('',#975,#945,#499,.T.);
#1210=EDGE_CURVE('',#975,#974,#500,.T.);
#1211=EDGE_CURVE('',#948,#976,#501,.T.);
#1212=EDGE_CURVE('',#976,#975,#502,.T.);
#1213=EDGE_CURVE('',#949,#889,#503,.T.);
#1214=EDGE_CURVE('',#952,#881,#504,.T.);
#1215=EDGE_CURVE('',#955,#873,#505,.T.);
#1216=EDGE_CURVE('',#958,#865,#506,.T.);
#1217=EDGE_CURVE('',#961,#857,#507,.T.);
#1218=EDGE_CURVE('',#964,#849,#508,.T.);
#1219=EDGE_CURVE('',#967,#841,#509,.T.);
#1220=EDGE_CURVE('',#970,#833,#510,.T.);
#1221=EDGE_CURVE('',#971,#829,#511,.T.);
#1222=EDGE_CURVE('',#821,#948,#512,.T.);
#1223=EDGE_CURVE('',#977,#822,#513,.T.);
#1224=EDGE_CURVE('',#976,#977,#514,.T.);
#1225=EDGE_CURVE('',#973,#943,#515,.T.);
#1226=EDGE_CURVE('',#977,#978,#516,.T.);
#1227=EDGE_CURVE('',#978,#939,#517,.T.);
#1228=EDGE_CURVE('',#979,#979,#801,.T.);
#1229=EDGE_CURVE('',#980,#980,#802,.T.);
#1230=EDGE_CURVE('',#981,#981,#803,.T.);
#1231=EDGE_CURVE('',#982,#982,#804,.T.);
#1232=EDGE_CURVE('',#978,#828,#518,.T.);
#1233=EDGE_CURVE('',#951,#896,#519,.T.);
#1234=EDGE_CURVE('',#890,#950,#520,.T.);
#1235=EDGE_CURVE('',#954,#888,#521,.T.);
#1236=EDGE_CURVE('',#882,#953,#522,.T.);
#1237=EDGE_CURVE('',#957,#880,#523,.T.);
#1238=EDGE_CURVE('',#874,#956,#524,.T.);
#1239=EDGE_CURVE('',#960,#872,#525,.T.);
#1240=EDGE_CURVE('',#866,#959,#526,.T.);
#1241=EDGE_CURVE('',#963,#864,#527,.T.);
#1242=EDGE_CURVE('',#858,#962,#528,.T.);
#1243=EDGE_CURVE('',#966,#856,#529,.T.);
#1244=EDGE_CURVE('',#850,#965,#530,.T.);
#1245=EDGE_CURVE('',#969,#848,#531,.T.);
#1246=EDGE_CURVE('',#842,#968,#532,.T.);
#1247=EDGE_CURVE('',#838,#979,#533,.T.);
#1248=EDGE_CURVE('',#840,#980,#534,.T.);
#1249=EDGE_CURVE('',#837,#981,#535,.T.);
#1250=EDGE_CURVE('',#839,#982,#536,.T.);
#1251=ORIENTED_EDGE('',*,*,#983,.F.);
#1252=ORIENTED_EDGE('',*,*,#984,.T.);
#1253=ORIENTED_EDGE('',*,*,#985,.T.);
#1254=ORIENTED_EDGE('',*,*,#984,.F.);
#1255=ORIENTED_EDGE('',*,*,#986,.F.);
#1256=ORIENTED_EDGE('',*,*,#987,.T.);
#1257=ORIENTED_EDGE('',*,*,#988,.T.);
#1258=ORIENTED_EDGE('',*,*,#987,.F.);
#1259=ORIENTED_EDGE('',*,*,#989,.F.);
#1260=ORIENTED_EDGE('',*,*,#990,.T.);
#1261=ORIENTED_EDGE('',*,*,#991,.T.);
#1262=ORIENTED_EDGE('',*,*,#990,.F.);
#1263=ORIENTED_EDGE('',*,*,#992,.F.);
#1264=ORIENTED_EDGE('',*,*,#993,.T.);
#1265=ORIENTED_EDGE('',*,*,#994,.T.);
#1266=ORIENTED_EDGE('',*,*,#993,.F.);
#1267=ORIENTED_EDGE('',*,*,#995,.F.);
#1268=ORIENTED_EDGE('',*,*,#996,.T.);
#1269=ORIENTED_EDGE('',*,*,#997,.F.);
#1270=ORIENTED_EDGE('',*,*,#998,.F.);
#1271=ORIENTED_EDGE('',*,*,#999,.F.);
#1272=ORIENTED_EDGE('',*,*,#998,.T.);
#1273=ORIENTED_EDGE('',*,*,#1000,.F.);
#1274=ORIENTED_EDGE('',*,*,#1001,.F.);
#1275=ORIENTED_EDGE('',*,*,#1002,.F.);
#1276=ORIENTED_EDGE('',*,*,#1001,.T.);
#1277=ORIENTED_EDGE('',*,*,#1003,.F.);
#1278=ORIENTED_EDGE('',*,*,#1004,.F.);
#1279=ORIENTED_EDGE('',*,*,#1005,.F.);
#1280=ORIENTED_EDGE('',*,*,#1004,.T.);
#1281=ORIENTED_EDGE('',*,*,#1006,.F.);
#1282=ORIENTED_EDGE('',*,*,#996,.F.);
#1283=ORIENTED_EDGE('',*,*,#1006,.T.);
#1284=ORIENTED_EDGE('',*,*,#1003,.T.);
#1285=ORIENTED_EDGE('',*,*,#1000,.T.);
#1286=ORIENTED_EDGE('',*,*,#997,.T.);
#1287=ORIENTED_EDGE('',*,*,#992,.T.);
#1288=ORIENTED_EDGE('',*,*,#989,.T.);
#1289=ORIENTED_EDGE('',*,*,#986,.T.);
#1290=ORIENTED_EDGE('',*,*,#983,.T.);
#1291=ORIENTED_EDGE('',*,*,#1005,.T.);
#1292=ORIENTED_EDGE('',*,*,#995,.T.);
#1293=ORIENTED_EDGE('',*,*,#999,.T.);
#1294=ORIENTED_EDGE('',*,*,#1002,.T.);
#1295=ORIENTED_EDGE('',*,*,#994,.F.);
#1296=ORIENTED_EDGE('',*,*,#991,.F.);
#1297=ORIENTED_EDGE('',*,*,#988,.F.);
#1298=ORIENTED_EDGE('',*,*,#985,.F.);
#1299=ORIENTED_EDGE('',*,*,#1007,.F.);
#1300=ORIENTED_EDGE('',*,*,#1008,.F.);
#1301=ORIENTED_EDGE('',*,*,#1009,.F.);
#1302=ORIENTED_EDGE('',*,*,#1010,.F.);
#1303=ORIENTED_EDGE('',*,*,#1011,.F.);
#1304=ORIENTED_EDGE('',*,*,#1012,.F.);
#1305=ORIENTED_EDGE('',*,*,#1013,.F.);
#1306=ORIENTED_EDGE('',*,*,#1014,.F.);
#1307=ORIENTED_EDGE('',*,*,#1015,.F.);
#1308=ORIENTED_EDGE('',*,*,#1016,.F.);
#1309=ORIENTED_EDGE('',*,*,#1017,.F.);
#1310=ORIENTED_EDGE('',*,*,#1018,.F.);
#1311=ORIENTED_EDGE('',*,*,#1019,.F.);
#1312=ORIENTED_EDGE('',*,*,#1020,.F.);
#1313=ORIENTED_EDGE('',*,*,#1021,.F.);
#1314=ORIENTED_EDGE('',*,*,#1022,.F.);
#1315=ORIENTED_EDGE('',*,*,#1023,.F.);
#1316=ORIENTED_EDGE('',*,*,#1024,.F.);
#1317=ORIENTED_EDGE('',*,*,#1025,.F.);
#1318=ORIENTED_EDGE('',*,*,#1026,.F.);
#1319=ORIENTED_EDGE('',*,*,#1027,.F.);
#1320=ORIENTED_EDGE('',*,*,#1028,.F.);
#1321=ORIENTED_EDGE('',*,*,#1029,.F.);
#1322=ORIENTED_EDGE('',*,*,#1030,.F.);
#1323=ORIENTED_EDGE('',*,*,#1031,.F.);
#1324=ORIENTED_EDGE('',*,*,#1032,.F.);
#1325=ORIENTED_EDGE('',*,*,#1033,.F.);
#1326=ORIENTED_EDGE('',*,*,#1034,.F.);
#1327=ORIENTED_EDGE('',*,*,#1035,.F.);
#1328=ORIENTED_EDGE('',*,*,#1036,.F.);
#1329=ORIENTED_EDGE('',*,*,#1037,.F.);
#1330=ORIENTED_EDGE('',*,*,#1038,.F.);
#1331=ORIENTED_EDGE('',*,*,#1039,.F.);
#1332=ORIENTED_EDGE('',*,*,#1040,.F.);
#1333=ORIENTED_EDGE('',*,*,#1041,.F.);
#1334=ORIENTED_EDGE('',*,*,#1042,.F.);
#1335=ORIENTED_EDGE('',*,*,#1043,.F.);
#1336=ORIENTED_EDGE('',*,*,#1044,.F.);
#1337=ORIENTED_EDGE('',*,*,#1045,.F.);
#1338=ORIENTED_EDGE('',*,*,#1046,.F.);
#1339=ORIENTED_EDGE('',*,*,#1047,.F.);
#1340=ORIENTED_EDGE('',*,*,#1048,.F.);
#1341=ORIENTED_EDGE('',*,*,#1049,.F.);
#1342=ORIENTED_EDGE('',*,*,#1050,.F.);
#1343=ORIENTED_EDGE('',*,*,#1051,.F.);
#1344=ORIENTED_EDGE('',*,*,#1052,.F.);
#1345=ORIENTED_EDGE('',*,*,#1053,.F.);
#1346=ORIENTED_EDGE('',*,*,#1054,.F.);
#1347=ORIENTED_EDGE('',*,*,#1055,.F.);
#1348=ORIENTED_EDGE('',*,*,#1056,.F.);
#1349=ORIENTED_EDGE('',*,*,#1057,.F.);
#1350=ORIENTED_EDGE('',*,*,#1058,.F.);
#1351=ORIENTED_EDGE('',*,*,#1059,.F.);
#1352=ORIENTED_EDGE('',*,*,#1060,.F.);
#1353=ORIENTED_EDGE('',*,*,#1061,.F.);
#1354=ORIENTED_EDGE('',*,*,#1062,.F.);
#1355=ORIENTED_EDGE('',*,*,#1063,.F.);
#1356=ORIENTED_EDGE('',*,*,#1064,.F.);
#1357=ORIENTED_EDGE('',*,*,#1065,.F.);
#1358=ORIENTED_EDGE('',*,*,#1066,.F.);
#1359=ORIENTED_EDGE('',*,*,#1067,.F.);
#1360=ORIENTED_EDGE('',*,*,#1068,.F.);
#1361=ORIENTED_EDGE('',*,*,#1069,.F.);
#1362=ORIENTED_EDGE('',*,*,#1070,.F.);
#1363=ORIENTED_EDGE('',*,*,#1071,.F.);
#1364=ORIENTED_EDGE('',*,*,#1072,.F.);
#1365=ORIENTED_EDGE('',*,*,#1073,.F.);
#1366=ORIENTED_EDGE('',*,*,#1074,.F.);
#1367=ORIENTED_EDGE('',*,*,#1075,.F.);
#1368=ORIENTED_EDGE('',*,*,#1076,.F.);
#1369=ORIENTED_EDGE('',*,*,#1077,.F.);
#1370=ORIENTED_EDGE('',*,*,#1078,.F.);
#1371=ORIENTED_EDGE('',*,*,#1079,.F.);
#1372=ORIENTED_EDGE('',*,*,#1080,.F.);
#1373=ORIENTED_EDGE('',*,*,#1081,.F.);
#1374=ORIENTED_EDGE('',*,*,#1082,.F.);
#1375=ORIENTED_EDGE('',*,*,#1080,.T.);
#1376=ORIENTED_EDGE('',*,*,#1083,.F.);
#1377=ORIENTED_EDGE('',*,*,#1084,.F.);
#1378=ORIENTED_EDGE('',*,*,#1085,.T.);
#1379=ORIENTED_EDGE('',*,*,#1079,.T.);
#1380=ORIENTED_EDGE('',*,*,#1086,.F.);
#1381=ORIENTED_EDGE('',*,*,#1087,.F.);
#1382=ORIENTED_EDGE('',*,*,#1083,.T.);
#1383=ORIENTED_EDGE('',*,*,#1078,.T.);
#1384=ORIENTED_EDGE('',*,*,#1088,.F.);
#1385=ORIENTED_EDGE('',*,*,#1089,.F.);
#1386=ORIENTED_EDGE('',*,*,#1086,.T.);
#1387=ORIENTED_EDGE('',*,*,#1077,.T.);
#1388=ORIENTED_EDGE('',*,*,#1090,.F.);
#1389=ORIENTED_EDGE('',*,*,#1091,.F.);
#1390=ORIENTED_EDGE('',*,*,#1088,.T.);
#1391=ORIENTED_EDGE('',*,*,#1072,.T.);
#1392=ORIENTED_EDGE('',*,*,#1092,.F.);
#1393=ORIENTED_EDGE('',*,*,#1093,.F.);
#1394=ORIENTED_EDGE('',*,*,#1094,.T.);
#1395=ORIENTED_EDGE('',*,*,#1071,.T.);
#1396=ORIENTED_EDGE('',*,*,#1095,.F.);
#1397=ORIENTED_EDGE('',*,*,#1096,.F.);
#1398=ORIENTED_EDGE('',*,*,#1092,.T.);
#1399=ORIENTED_EDGE('',*,*,#1070,.T.);
#1400=ORIENTED_EDGE('',*,*,#1097,.F.);
#1401=ORIENTED_EDGE('',*,*,#1098,.F.);
#1402=ORIENTED_EDGE('',*,*,#1095,.T.);
#1403=ORIENTED_EDGE('',*,*,#1069,.T.);
#1404=ORIENTED_EDGE('',*,*,#1099,.F.);
#1405=ORIENTED_EDGE('',*,*,#1100,.F.);
#1406=ORIENTED_EDGE('',*,*,#1097,.T.);
#1407=ORIENTED_EDGE('',*,*,#1064,.T.);
#1408=ORIENTED_EDGE('',*,*,#1101,.F.);
#1409=ORIENTED_EDGE('',*,*,#1102,.F.);
#1410=ORIENTED_EDGE('',*,*,#1103,.T.);
#1411=ORIENTED_EDGE('',*,*,#1063,.T.);
#1412=ORIENTED_EDGE('',*,*,#1104,.F.);
#1413=ORIENTED_EDGE('',*,*,#1105,.F.);
#1414=ORIENTED_EDGE('',*,*,#1101,.T.);
#1415=ORIENTED_EDGE('',*,*,#1062,.T.);
#1416=ORIENTED_EDGE('',*,*,#1106,.F.);
#1417=ORIENTED_EDGE('',*,*,#1107,.F.);
#1418=ORIENTED_EDGE('',*,*,#1104,.T.);
#1419=ORIENTED_EDGE('',*,*,#1061,.T.);
#1420=ORIENTED_EDGE('',*,*,#1108,.F.);
#1421=ORIENTED_EDGE('',*,*,#1109,.F.);
#1422=ORIENTED_EDGE('',*,*,#1106,.T.);
#1423=ORIENTED_EDGE('',*,*,#1056,.T.);
#1424=ORIENTED_EDGE('',*,*,#1110,.F.);
#1425=ORIENTED_EDGE('',*,*,#1111,.F.);
#1426=ORIENTED_EDGE('',*,*,#1112,.T.);
#1427=ORIENTED_EDGE('',*,*,#1055,.T.);
#1428=ORIENTED_EDGE('',*,*,#1113,.F.);
#1429=ORIENTED_EDGE('',*,*,#1114,.F.);
#1430=ORIENTED_EDGE('',*,*,#1110,.T.);
#1431=ORIENTED_EDGE('',*,*,#1054,.T.);
#1432=ORIENTED_EDGE('',*,*,#1115,.F.);
#1433=ORIENTED_EDGE('',*,*,#1116,.F.);
#1434=ORIENTED_EDGE('',*,*,#1113,.T.);
#1435=ORIENTED_EDGE('',*,*,#1053,.T.);
#1436=ORIENTED_EDGE('',*,*,#1117,.F.);
#1437=ORIENTED_EDGE('',*,*,#1118,.F.);
#1438=ORIENTED_EDGE('',*,*,#1115,.T.);
#1439=ORIENTED_EDGE('',*,*,#1048,.T.);
#1440=ORIENTED_EDGE('',*,*,#1119,.F.);
#1441=ORIENTED_EDGE('',*,*,#1120,.F.);
#1442=ORIENTED_EDGE('',*,*,#1121,.T.);
#1443=ORIENTED_EDGE('',*,*,#1047,.T.);
#1444=ORIENTED_EDGE('',*,*,#1122,.F.);
#1445=ORIENTED_EDGE('',*,*,#1123,.F.);
#1446=ORIENTED_EDGE('',*,*,#1119,.T.);
#1447=ORIENTED_EDGE('',*,*,#1046,.T.);
#1448=ORIENTED_EDGE('',*,*,#1124,.F.);
#1449=ORIENTED_EDGE('',*,*,#1125,.F.);
#1450=ORIENTED_EDGE('',*,*,#1122,.T.);
#1451=ORIENTED_EDGE('',*,*,#1045,.T.);
#1452=ORIENTED_EDGE('',*,*,#1126,.F.);
#1453=ORIENTED_EDGE('',*,*,#1127,.F.);
#1454=ORIENTED_EDGE('',*,*,#1124,.T.);
#1455=ORIENTED_EDGE('',*,*,#1040,.T.);
#1456=ORIENTED_EDGE('',*,*,#1128,.F.);
#1457=ORIENTED_EDGE('',*,*,#1129,.F.);
#1458=ORIENTED_EDGE('',*,*,#1130,.T.);
#1459=ORIENTED_EDGE('',*,*,#1039,.T.);
#1460=ORIENTED_EDGE('',*,*,#1131,.F.);
#1461=ORIENTED_EDGE('',*,*,#1132,.F.);
#1462=ORIENTED_EDGE('',*,*,#1128,.T.);
#1463=ORIENTED_EDGE('',*,*,#1038,.T.);
#1464=ORIENTED_EDGE('',*,*,#1133,.F.);
#1465=ORIENTED_EDGE('',*,*,#1134,.F.);
#1466=ORIENTED_EDGE('',*,*,#1131,.T.);
#1467=ORIENTED_EDGE('',*,*,#1037,.T.);
#1468=ORIENTED_EDGE('',*,*,#1135,.F.);
#1469=ORIENTED_EDGE('',*,*,#1136,.F.);
#1470=ORIENTED_EDGE('',*,*,#1133,.T.);
#1471=ORIENTED_EDGE('',*,*,#1032,.T.);
#1472=ORIENTED_EDGE('',*,*,#1137,.F.);
#1473=ORIENTED_EDGE('',*,*,#1138,.F.);
#1474=ORIENTED_EDGE('',*,*,#1139,.T.);
#1475=ORIENTED_EDGE('',*,*,#1031,.T.);
#1476=ORIENTED_EDGE('',*,*,#1140,.F.);
#1477=ORIENTED_EDGE('',*,*,#1141,.F.);
#1478=ORIENTED_EDGE('',*,*,#1137,.T.);
#1479=ORIENTED_EDGE('',*,*,#1030,.T.);
#1480=ORIENTED_EDGE('',*,*,#1142,.F.);
#1481=ORIENTED_EDGE('',*,*,#1143,.F.);
#1482=ORIENTED_EDGE('',*,*,#1140,.T.);
#1483=ORIENTED_EDGE('',*,*,#1029,.T.);
#1484=ORIENTED_EDGE('',*,*,#1144,.F.);
#1485=ORIENTED_EDGE('',*,*,#1145,.F.);
#1486=ORIENTED_EDGE('',*,*,#1142,.T.);
#1487=ORIENTED_EDGE('',*,*,#1022,.T.);
#1488=ORIENTED_EDGE('',*,*,#1146,.F.);
#1489=ORIENTED_EDGE('',*,*,#1147,.F.);
#1490=ORIENTED_EDGE('',*,*,#1148,.F.);
#1491=ORIENTED_EDGE('',*,*,#1021,.T.);
#1492=ORIENTED_EDGE('',*,*,#1149,.F.);
#1493=ORIENTED_EDGE('',*,*,#1150,.F.);
#1494=ORIENTED_EDGE('',*,*,#1146,.T.);
#1495=ORIENTED_EDGE('',*,*,#1018,.T.);
#1496=ORIENTED_EDGE('',*,*,#1151,.F.);
#1497=ORIENTED_EDGE('',*,*,#1152,.F.);
#1498=ORIENTED_EDGE('',*,*,#1153,.F.);
#1499=ORIENTED_EDGE('',*,*,#1017,.T.);
#1500=ORIENTED_EDGE('',*,*,#1154,.F.);
#1501=ORIENTED_EDGE('',*,*,#1155,.F.);
#1502=ORIENTED_EDGE('',*,*,#1151,.T.);
#1503=ORIENTED_EDGE('',*,*,#1012,.T.);
#1504=ORIENTED_EDGE('',*,*,#1156,.F.);
#1505=ORIENTED_EDGE('',*,*,#1157,.F.);
#1506=ORIENTED_EDGE('',*,*,#1158,.T.);
#1507=ORIENTED_EDGE('',*,*,#1011,.T.);
#1508=ORIENTED_EDGE('',*,*,#1159,.F.);
#1509=ORIENTED_EDGE('',*,*,#1160,.F.);
#1510=ORIENTED_EDGE('',*,*,#1156,.T.);
#1511=ORIENTED_EDGE('',*,*,#1010,.T.);
#1512=ORIENTED_EDGE('',*,*,#1161,.T.);
#1513=ORIENTED_EDGE('',*,*,#1162,.F.);
#1514=ORIENTED_EDGE('',*,*,#1159,.T.);
#1515=ORIENTED_EDGE('',*,*,#1009,.T.);
#1516=ORIENTED_EDGE('',*,*,#1163,.T.);
#1517=ORIENTED_EDGE('',*,*,#1164,.F.);
#1518=ORIENTED_EDGE('',*,*,#1165,.F.);
#1519=ORIENTED_EDGE('',*,*,#1161,.F.);
#1520=ORIENTED_EDGE('',*,*,#1166,.F.);
#1521=ORIENTED_EDGE('',*,*,#1167,.F.);
#1522=ORIENTED_EDGE('',*,*,#1168,.F.);
#1523=ORIENTED_EDGE('',*,*,#1169,.F.);
#1524=ORIENTED_EDGE('',*,*,#1170,.T.);
#1525=ORIENTED_EDGE('',*,*,#1171,.F.);
#1526=ORIENTED_EDGE('',*,*,#1172,.T.);
#1527=ORIENTED_EDGE('',*,*,#1173,.T.);
#1528=ORIENTED_EDGE('',*,*,#1174,.T.);
#1529=ORIENTED_EDGE('',*,*,#1084,.T.);
#1530=ORIENTED_EDGE('',*,*,#1087,.T.);
#1531=ORIENTED_EDGE('',*,*,#1089,.T.);
#1532=ORIENTED_EDGE('',*,*,#1091,.T.);
#1533=ORIENTED_EDGE('',*,*,#1175,.T.);
#1534=ORIENTED_EDGE('',*,*,#1176,.T.);
#1535=ORIENTED_EDGE('',*,*,#1177,.T.);
#1536=ORIENTED_EDGE('',*,*,#1178,.T.);
#1537=ORIENTED_EDGE('',*,*,#1093,.T.);
#1538=ORIENTED_EDGE('',*,*,#1096,.T.);
#1539=ORIENTED_EDGE('',*,*,#1098,.T.);
#1540=ORIENTED_EDGE('',*,*,#1100,.T.);
#1541=ORIENTED_EDGE('',*,*,#1179,.T.);
#1542=ORIENTED_EDGE('',*,*,#1180,.T.);
#1543=ORIENTED_EDGE('',*,*,#1181,.T.);
#1544=ORIENTED_EDGE('',*,*,#1182,.T.);
#1545=ORIENTED_EDGE('',*,*,#1102,.T.);
#1546=ORIENTED_EDGE('',*,*,#1105,.T.);
#1547=ORIENTED_EDGE('',*,*,#1107,.T.);
#1548=ORIENTED_EDGE('',*,*,#1109,.T.);
#1549=ORIENTED_EDGE('',*,*,#1183,.T.);
#1550=ORIENTED_EDGE('',*,*,#1184,.T.);
#1551=ORIENTED_EDGE('',*,*,#1185,.T.);
#1552=ORIENTED_EDGE('',*,*,#1186,.T.);
#1553=ORIENTED_EDGE('',*,*,#1111,.T.);
#1554=ORIENTED_EDGE('',*,*,#1114,.T.);
#1555=ORIENTED_EDGE('',*,*,#1116,.T.);
#1556=ORIENTED_EDGE('',*,*,#1118,.T.);
#1557=ORIENTED_EDGE('',*,*,#1187,.T.);
#1558=ORIENTED_EDGE('',*,*,#1188,.T.);
#1559=ORIENTED_EDGE('',*,*,#1189,.T.);
#1560=ORIENTED_EDGE('',*,*,#1190,.T.);
#1561=ORIENTED_EDGE('',*,*,#1120,.T.);
#1562=ORIENTED_EDGE('',*,*,#1123,.T.);
#1563=ORIENTED_EDGE('',*,*,#1125,.T.);
#1564=ORIENTED_EDGE('',*,*,#1127,.T.);
#1565=ORIENTED_EDGE('',*,*,#1191,.T.);
#1566=ORIENTED_EDGE('',*,*,#1192,.T.);
#1567=ORIENTED_EDGE('',*,*,#1193,.T.);
#1568=ORIENTED_EDGE('',*,*,#1194,.T.);
#1569=ORIENTED_EDGE('',*,*,#1129,.T.);
#1570=ORIENTED_EDGE('',*,*,#1132,.T.);
#1571=ORIENTED_EDGE('',*,*,#1134,.T.);
#1572=ORIENTED_EDGE('',*,*,#1136,.T.);
#1573=ORIENTED_EDGE('',*,*,#1195,.T.);
#1574=ORIENTED_EDGE('',*,*,#1196,.T.);
#1575=ORIENTED_EDGE('',*,*,#1197,.T.);
#1576=ORIENTED_EDGE('',*,*,#1198,.T.);
#1577=ORIENTED_EDGE('',*,*,#1138,.T.);
#1578=ORIENTED_EDGE('',*,*,#1141,.T.);
#1579=ORIENTED_EDGE('',*,*,#1143,.T.);
#1580=ORIENTED_EDGE('',*,*,#1145,.T.);
#1581=ORIENTED_EDGE('',*,*,#1199,.T.);
#1582=ORIENTED_EDGE('',*,*,#1200,.T.);
#1583=ORIENTED_EDGE('',*,*,#1147,.T.);
#1584=ORIENTED_EDGE('',*,*,#1150,.T.);
#1585=ORIENTED_EDGE('',*,*,#1201,.T.);
#1586=ORIENTED_EDGE('',*,*,#1202,.T.);
#1587=ORIENTED_EDGE('',*,*,#1152,.T.);
#1588=ORIENTED_EDGE('',*,*,#1155,.T.);
#1589=ORIENTED_EDGE('',*,*,#1203,.T.);
#1590=ORIENTED_EDGE('',*,*,#1168,.T.);
#1591=ORIENTED_EDGE('',*,*,#1204,.F.);
#1592=ORIENTED_EDGE('',*,*,#1205,.T.);
#1593=ORIENTED_EDGE('',*,*,#1206,.T.);
#1594=ORIENTED_EDGE('',*,*,#1167,.T.);
#1595=ORIENTED_EDGE('',*,*,#1207,.F.);
#1596=ORIENTED_EDGE('',*,*,#1208,.T.);
#1597=ORIENTED_EDGE('',*,*,#1204,.T.);
#1598=ORIENTED_EDGE('',*,*,#1166,.T.);
#1599=ORIENTED_EDGE('',*,*,#1209,.F.);
#1600=ORIENTED_EDGE('',*,*,#1210,.T.);
#1601=ORIENTED_EDGE('',*,*,#1207,.T.);
#1602=ORIENTED_EDGE('',*,*,#1171,.T.);
#1603=ORIENTED_EDGE('',*,*,#1211,.T.);
#1604=ORIENTED_EDGE('',*,*,#1212,.T.);
#1605=ORIENTED_EDGE('',*,*,#1209,.T.);
#1606=ORIENTED_EDGE('',*,*,#1076,.T.);
#1607=ORIENTED_EDGE('',*,*,#1213,.F.);
#1608=ORIENTED_EDGE('',*,*,#1175,.F.);
#1609=ORIENTED_EDGE('',*,*,#1090,.T.);
#1610=ORIENTED_EDGE('',*,*,#1068,.T.);
#1611=ORIENTED_EDGE('',*,*,#1214,.F.);
#1612=ORIENTED_EDGE('',*,*,#1179,.F.);
#1613=ORIENTED_EDGE('',*,*,#1099,.T.);
#1614=ORIENTED_EDGE('',*,*,#1060,.T.);
#1615=ORIENTED_EDGE('',*,*,#1215,.F.);
#1616=ORIENTED_EDGE('',*,*,#1183,.F.);
#1617=ORIENTED_EDGE('',*,*,#1108,.T.);
#1618=ORIENTED_EDGE('',*,*,#1052,.T.);
#1619=ORIENTED_EDGE('',*,*,#1216,.F.);
#1620=ORIENTED_EDGE('',*,*,#1187,.F.);
#1621=ORIENTED_EDGE('',*,*,#1117,.T.);
#1622=ORIENTED_EDGE('',*,*,#1044,.T.);
#1623=ORIENTED_EDGE('',*,*,#1217,.F.);
#1624=ORIENTED_EDGE('',*,*,#1191,.F.);
#1625=ORIENTED_EDGE('',*,*,#1126,.T.);
#1626=ORIENTED_EDGE('',*,*,#1036,.T.);
#1627=ORIENTED_EDGE('',*,*,#1218,.F.);
#1628=ORIENTED_EDGE('',*,*,#1195,.F.);
#1629=ORIENTED_EDGE('',*,*,#1135,.T.);
#1630=ORIENTED_EDGE('',*,*,#1028,.T.);
#1631=ORIENTED_EDGE('',*,*,#1219,.F.);
#1632=ORIENTED_EDGE('',*,*,#1199,.F.);
#1633=ORIENTED_EDGE('',*,*,#1144,.T.);
#1634=ORIENTED_EDGE('',*,*,#1020,.T.);
#1635=ORIENTED_EDGE('',*,*,#1220,.F.);
#1636=ORIENTED_EDGE('',*,*,#1201,.F.);
#1637=ORIENTED_EDGE('',*,*,#1149,.T.);
#1638=ORIENTED_EDGE('',*,*,#1016,.T.);
#1639=ORIENTED_EDGE('',*,*,#1221,.F.);
#1640=ORIENTED_EDGE('',*,*,#1203,.F.);
#1641=ORIENTED_EDGE('',*,*,#1154,.T.);
#1642=ORIENTED_EDGE('',*,*,#1008,.T.);
#1643=ORIENTED_EDGE('',*,*,#1222,.T.);
#1644=ORIENTED_EDGE('',*,*,#1170,.F.);
#1645=ORIENTED_EDGE('',*,*,#1163,.F.);
#1646=ORIENTED_EDGE('',*,*,#1007,.T.);
#1647=ORIENTED_EDGE('',*,*,#1223,.F.);
#1648=ORIENTED_EDGE('',*,*,#1224,.F.);
#1649=ORIENTED_EDGE('',*,*,#1211,.F.);
#1650=ORIENTED_EDGE('',*,*,#1222,.F.);
#1651=ORIENTED_EDGE('',*,*,#1169,.T.);
#1652=ORIENTED_EDGE('',*,*,#1206,.F.);
#1653=ORIENTED_EDGE('',*,*,#1225,.T.);
#1654=ORIENTED_EDGE('',*,*,#1164,.T.);
#1655=ORIENTED_EDGE('',*,*,#1224,.T.);
#1656=ORIENTED_EDGE('',*,*,#1226,.T.);
#1657=ORIENTED_EDGE('',*,*,#1227,.T.);
#1658=ORIENTED_EDGE('',*,*,#1157,.T.);
#1659=ORIENTED_EDGE('',*,*,#1160,.T.);
#1660=ORIENTED_EDGE('',*,*,#1162,.T.);
#1661=ORIENTED_EDGE('',*,*,#1165,.T.);
#1662=ORIENTED_EDGE('',*,*,#1225,.F.);
#1663=ORIENTED_EDGE('',*,*,#1205,.F.);
#1664=ORIENTED_EDGE('',*,*,#1208,.F.);
#1665=ORIENTED_EDGE('',*,*,#1210,.F.);
#1666=ORIENTED_EDGE('',*,*,#1212,.F.);
#1667=ORIENTED_EDGE('',*,*,#1228,.F.);
#1668=ORIENTED_EDGE('',*,*,#1229,.F.);
#1669=ORIENTED_EDGE('',*,*,#1230,.F.);
#1670=ORIENTED_EDGE('',*,*,#1231,.F.);
#1671=ORIENTED_EDGE('',*,*,#1014,.T.);
#1672=ORIENTED_EDGE('',*,*,#1232,.F.);
#1673=ORIENTED_EDGE('',*,*,#1226,.F.);
#1674=ORIENTED_EDGE('',*,*,#1223,.T.);
#1675=ORIENTED_EDGE('',*,*,#1015,.T.);
#1676=ORIENTED_EDGE('',*,*,#1153,.T.);
#1677=ORIENTED_EDGE('',*,*,#1202,.F.);
#1678=ORIENTED_EDGE('',*,*,#1221,.T.);
#1679=ORIENTED_EDGE('',*,*,#1019,.T.);
#1680=ORIENTED_EDGE('',*,*,#1148,.T.);
#1681=ORIENTED_EDGE('',*,*,#1200,.F.);
#1682=ORIENTED_EDGE('',*,*,#1220,.T.);
#1683=ORIENTED_EDGE('',*,*,#1081,.T.);
#1684=ORIENTED_EDGE('',*,*,#1085,.F.);
#1685=ORIENTED_EDGE('',*,*,#1174,.F.);
#1686=ORIENTED_EDGE('',*,*,#1233,.T.);
#1687=ORIENTED_EDGE('',*,*,#1082,.T.);
#1688=ORIENTED_EDGE('',*,*,#1233,.F.);
#1689=ORIENTED_EDGE('',*,*,#1173,.F.);
#1690=ORIENTED_EDGE('',*,*,#1234,.F.);
#1691=ORIENTED_EDGE('',*,*,#1075,.T.);
#1692=ORIENTED_EDGE('',*,*,#1234,.T.);
#1693=ORIENTED_EDGE('',*,*,#1172,.F.);
#1694=ORIENTED_EDGE('',*,*,#1213,.T.);
#1695=ORIENTED_EDGE('',*,*,#1073,.T.);
#1696=ORIENTED_EDGE('',*,*,#1094,.F.);
#1697=ORIENTED_EDGE('',*,*,#1178,.F.);
#1698=ORIENTED_EDGE('',*,*,#1235,.T.);
#1699=ORIENTED_EDGE('',*,*,#1074,.T.);
#1700=ORIENTED_EDGE('',*,*,#1235,.F.);
#1701=ORIENTED_EDGE('',*,*,#1177,.F.);
#1702=ORIENTED_EDGE('',*,*,#1236,.F.);
#1703=ORIENTED_EDGE('',*,*,#1067,.T.);
#1704=ORIENTED_EDGE('',*,*,#1236,.T.);
#1705=ORIENTED_EDGE('',*,*,#1176,.F.);
#1706=ORIENTED_EDGE('',*,*,#1214,.T.);
#1707=ORIENTED_EDGE('',*,*,#1065,.T.);
#1708=ORIENTED_EDGE('',*,*,#1103,.F.);
#1709=ORIENTED_EDGE('',*,*,#1182,.F.);
#1710=ORIENTED_EDGE('',*,*,#1237,.T.);
#1711=ORIENTED_EDGE('',*,*,#1066,.T.);
#1712=ORIENTED_EDGE('',*,*,#1237,.F.);
#1713=ORIENTED_EDGE('',*,*,#1181,.F.);
#1714=ORIENTED_EDGE('',*,*,#1238,.F.);
#1715=ORIENTED_EDGE('',*,*,#1059,.T.);
#1716=ORIENTED_EDGE('',*,*,#1238,.T.);
#1717=ORIENTED_EDGE('',*,*,#1180,.F.);
#1718=ORIENTED_EDGE('',*,*,#1215,.T.);
#1719=ORIENTED_EDGE('',*,*,#1057,.T.);
#1720=ORIENTED_EDGE('',*,*,#1112,.F.);
#1721=ORIENTED_EDGE('',*,*,#1186,.F.);
#1722=ORIENTED_EDGE('',*,*,#1239,.T.);
#1723=ORIENTED_EDGE('',*,*,#1058,.T.);
#1724=ORIENTED_EDGE('',*,*,#1239,.F.);
#1725=ORIENTED_EDGE('',*,*,#1185,.F.);
#1726=ORIENTED_EDGE('',*,*,#1240,.F.);
#1727=ORIENTED_EDGE('',*,*,#1051,.T.);
#1728=ORIENTED_EDGE('',*,*,#1240,.T.);
#1729=ORIENTED_EDGE('',*,*,#1184,.F.);
#1730=ORIENTED_EDGE('',*,*,#1216,.T.);
#1731=ORIENTED_EDGE('',*,*,#1049,.T.);
#1732=ORIENTED_EDGE('',*,*,#1121,.F.);
#1733=ORIENTED_EDGE('',*,*,#1190,.F.);
#1734=ORIENTED_EDGE('',*,*,#1241,.T.);
#1735=ORIENTED_EDGE('',*,*,#1050,.T.);
#1736=ORIENTED_EDGE('',*,*,#1241,.F.);
#1737=ORIENTED_EDGE('',*,*,#1189,.F.);
#1738=ORIENTED_EDGE('',*,*,#1242,.F.);
#1739=ORIENTED_EDGE('',*,*,#1043,.T.);
#1740=ORIENTED_EDGE('',*,*,#1242,.T.);
#1741=ORIENTED_EDGE('',*,*,#1188,.F.);
#1742=ORIENTED_EDGE('',*,*,#1217,.T.);
#1743=ORIENTED_EDGE('',*,*,#1041,.T.);
#1744=ORIENTED_EDGE('',*,*,#1130,.F.);
#1745=ORIENTED_EDGE('',*,*,#1194,.F.);
#1746=ORIENTED_EDGE('',*,*,#1243,.T.);
#1747=ORIENTED_EDGE('',*,*,#1042,.T.);
#1748=ORIENTED_EDGE('',*,*,#1243,.F.);
#1749=ORIENTED_EDGE('',*,*,#1193,.F.);
#1750=ORIENTED_EDGE('',*,*,#1244,.F.);
#1751=ORIENTED_EDGE('',*,*,#1035,.T.);
#1752=ORIENTED_EDGE('',*,*,#1244,.T.);
#1753=ORIENTED_EDGE('',*,*,#1192,.F.);
#1754=ORIENTED_EDGE('',*,*,#1218,.T.);
#1755=ORIENTED_EDGE('',*,*,#1033,.T.);
#1756=ORIENTED_EDGE('',*,*,#1139,.F.);
#1757=ORIENTED_EDGE('',*,*,#1198,.F.);
#1758=ORIENTED_EDGE('',*,*,#1245,.T.);
#1759=ORIENTED_EDGE('',*,*,#1034,.T.);
#1760=ORIENTED_EDGE('',*,*,#1245,.F.);
#1761=ORIENTED_EDGE('',*,*,#1197,.F.);
#1762=ORIENTED_EDGE('',*,*,#1246,.F.);
#1763=ORIENTED_EDGE('',*,*,#1027,.T.);
#1764=ORIENTED_EDGE('',*,*,#1246,.T.);
#1765=ORIENTED_EDGE('',*,*,#1196,.F.);
#1766=ORIENTED_EDGE('',*,*,#1219,.T.);
#1767=ORIENTED_EDGE('',*,*,#1024,.T.);
#1768=ORIENTED_EDGE('',*,*,#1247,.T.);
#1769=ORIENTED_EDGE('',*,*,#1228,.T.);
#1770=ORIENTED_EDGE('',*,*,#1247,.F.);
#1771=ORIENTED_EDGE('',*,*,#1026,.T.);
#1772=ORIENTED_EDGE('',*,*,#1248,.T.);
#1773=ORIENTED_EDGE('',*,*,#1229,.T.);
#1774=ORIENTED_EDGE('',*,*,#1248,.F.);
#1775=ORIENTED_EDGE('',*,*,#1023,.T.);
#1776=ORIENTED_EDGE('',*,*,#1249,.T.);
#1777=ORIENTED_EDGE('',*,*,#1230,.T.);
#1778=ORIENTED_EDGE('',*,*,#1249,.F.);
#1779=ORIENTED_EDGE('',*,*,#1025,.T.);
#1780=ORIENTED_EDGE('',*,*,#1250,.T.);
#1781=ORIENTED_EDGE('',*,*,#1231,.T.);
#1782=ORIENTED_EDGE('',*,*,#1250,.F.);
#1783=ORIENTED_EDGE('',*,*,#1013,.T.);
#1784=ORIENTED_EDGE('',*,*,#1158,.F.);
#1785=ORIENTED_EDGE('',*,*,#1227,.F.);
#1786=ORIENTED_EDGE('',*,*,#1232,.T.);
#1787=CYLINDRICAL_SURFACE('',#1944,1.45);
#1788=CYLINDRICAL_SURFACE('',#1947,1.45);
#1789=CYLINDRICAL_SURFACE('',#1950,1.45);
#1790=CYLINDRICAL_SURFACE('',#1953,1.45);
#1791=CYLINDRICAL_SURFACE('',#1996,0.5);
#1792=CYLINDRICAL_SURFACE('',#1999,0.499999999999998);
#1793=CYLINDRICAL_SURFACE('',#2002,0.500000000000003);
#1794=CYLINDRICAL_SURFACE('',#2005,0.499999999999998);
#1795=CYLINDRICAL_SURFACE('',#2008,0.5);
#1796=CYLINDRICAL_SURFACE('',#2011,0.499999999999998);
#1797=CYLINDRICAL_SURFACE('',#2014,0.499999999999998);
#1798=CYLINDRICAL_SURFACE('',#2017,0.499999999999998);
#1799=CYLINDRICAL_SURFACE('',#2020,0.499999999999999);
#1800=CYLINDRICAL_SURFACE('',#2023,0.499999999999998);
#1801=CYLINDRICAL_SURFACE('',#2026,0.5);
#1802=CYLINDRICAL_SURFACE('',#2029,0.499999999999998);
#1803=CYLINDRICAL_SURFACE('',#2032,0.5);
#1804=CYLINDRICAL_SURFACE('',#2035,0.499999999999998);
#1805=CYLINDRICAL_SURFACE('',#2065,0.499999999999998);
#1806=CYLINDRICAL_SURFACE('',#2066,0.499999999999998);
#1807=CYLINDRICAL_SURFACE('',#2067,0.499999999999998);
#1808=CYLINDRICAL_SURFACE('',#2068,0.499999999999994);
#1809=CYLINDRICAL_SURFACE('',#2069,0.499999999999998);
#1810=CYLINDRICAL_SURFACE('',#2070,0.499999999999998);
#1811=CYLINDRICAL_SURFACE('',#2071,0.499999999999998);
#1812=CYLINDRICAL_SURFACE('',#2086,0.499999999999998);
#1813=CYLINDRICAL_SURFACE('',#2089,0.5);
#1814=CYLINDRICAL_SURFACE('',#2092,0.5);
#1815=CYLINDRICAL_SURFACE('',#2095,0.5);
#1816=CYLINDRICAL_SURFACE('',#2098,0.5);
#1817=CYLINDRICAL_SURFACE('',#2101,0.5);
#1818=CYLINDRICAL_SURFACE('',#2104,0.500000000000003);
#1819=CYLINDRICAL_SURFACE('',#2106,1.45);
#1820=CYLINDRICAL_SURFACE('',#2107,1.45);
#1821=CYLINDRICAL_SURFACE('',#2108,1.45);
#1822=CYLINDRICAL_SURFACE('',#2109,1.45);
#1823=ADVANCED_FACE('',(#119),#1787,.F.);
#1824=ADVANCED_FACE('',(#120),#1788,.F.);
#1825=ADVANCED_FACE('',(#121),#1789,.F.);
#1826=ADVANCED_FACE('',(#122),#1790,.F.);
#1827=ADVANCED_FACE('',(#123),#61,.T.);
#1828=ADVANCED_FACE('',(#124),#62,.T.);
#1829=ADVANCED_FACE('',(#125),#63,.T.);
#1830=ADVANCED_FACE('',(#126),#64,.T.);
#1831=ADVANCED_FACE('',(#127,#27,#28,#29,#30),#65,.T.);
#1832=ADVANCED_FACE('',(#128,#31,#32,#33,#34),#66,.F.);
#1833=ADVANCED_FACE('',(#129,#35,#36,#37,#38,#39,#40,#41,#42,#43,#44,#45,
#46,#47),#67,.T.);
#1834=ADVANCED_FACE('',(#130),#1791,.F.);
#1835=ADVANCED_FACE('',(#131),#68,.F.);
#1836=ADVANCED_FACE('',(#132),#1792,.F.);
#1837=ADVANCED_FACE('',(#133),#69,.F.);
#1838=ADVANCED_FACE('',(#134),#1793,.F.);
#1839=ADVANCED_FACE('',(#135),#70,.F.);
#1840=ADVANCED_FACE('',(#136),#1794,.F.);
#1841=ADVANCED_FACE('',(#137),#71,.F.);
#1842=ADVANCED_FACE('',(#138),#1795,.F.);
#1843=ADVANCED_FACE('',(#139),#72,.F.);
#1844=ADVANCED_FACE('',(#140),#1796,.F.);
#1845=ADVANCED_FACE('',(#141),#73,.F.);
#1846=ADVANCED_FACE('',(#142),#1797,.F.);
#1847=ADVANCED_FACE('',(#143),#74,.F.);
#1848=ADVANCED_FACE('',(#144),#1798,.F.);
#1849=ADVANCED_FACE('',(#145),#75,.F.);
#1850=ADVANCED_FACE('',(#146),#1799,.F.);
#1851=ADVANCED_FACE('',(#147),#76,.F.);
#1852=ADVANCED_FACE('',(#148),#1800,.F.);
#1853=ADVANCED_FACE('',(#149),#77,.F.);
#1854=ADVANCED_FACE('',(#150),#1801,.F.);
#1855=ADVANCED_FACE('',(#151),#78,.F.);
#1856=ADVANCED_FACE('',(#152),#1802,.F.);
#1857=ADVANCED_FACE('',(#153),#79,.F.);
#1858=ADVANCED_FACE('',(#154),#1803,.F.);
#1859=ADVANCED_FACE('',(#155),#80,.F.);
#1860=ADVANCED_FACE('',(#156),#1804,.F.);
#1861=ADVANCED_FACE('',(#157),#81,.F.);
#1862=ADVANCED_FACE('',(#158),#82,.F.);
#1863=ADVANCED_FACE('',(#159),#83,.F.);
#1864=ADVANCED_FACE('',(#160),#84,.F.);
#1865=ADVANCED_FACE('',(#161),#85,.F.);
#1866=ADVANCED_FACE('',(#162),#86,.T.);
#1867=ADVANCED_FACE('',(#163),#87,.T.);
#1868=ADVANCED_FACE('',(#164),#88,.T.);
#1869=ADVANCED_FACE('',(#165),#89,.F.);
#1870=ADVANCED_FACE('',(#166,#48,#49,#50,#51,#52,#53,#54,#55,#56),#90,.F.);
#1871=ADVANCED_FACE('',(#167),#91,.T.);
#1872=ADVANCED_FACE('',(#168),#92,.T.);
#1873=ADVANCED_FACE('',(#169),#93,.T.);
#1874=ADVANCED_FACE('',(#170),#94,.T.);
#1875=ADVANCED_FACE('',(#171),#1805,.F.);
#1876=ADVANCED_FACE('',(#172),#1806,.F.);
#1877=ADVANCED_FACE('',(#173),#1807,.F.);
#1878=ADVANCED_FACE('',(#174),#1808,.F.);
#1879=ADVANCED_FACE('',(#175),#1809,.F.);
#1880=ADVANCED_FACE('',(#176),#1810,.F.);
#1881=ADVANCED_FACE('',(#177),#1811,.F.);
#1882=ADVANCED_FACE('',(#178),#95,.F.);
#1883=ADVANCED_FACE('',(#179),#96,.F.);
#1884=ADVANCED_FACE('',(#180),#97,.F.);
#1885=ADVANCED_FACE('',(#181),#98,.F.);
#1886=ADVANCED_FACE('',(#182),#99,.T.);
#1887=ADVANCED_FACE('',(#183,#57,#58,#59,#60),#100,.F.);
#1888=ADVANCED_FACE('',(#184),#101,.T.);
#1889=ADVANCED_FACE('',(#185),#102,.F.);
#1890=ADVANCED_FACE('',(#186),#103,.F.);
#1891=ADVANCED_FACE('',(#187),#104,.F.);
#1892=ADVANCED_FACE('',(#188),#1812,.F.);
#1893=ADVANCED_FACE('',(#189),#105,.F.);
#1894=ADVANCED_FACE('',(#190),#106,.F.);
#1895=ADVANCED_FACE('',(#191),#1813,.F.);
#1896=ADVANCED_FACE('',(#192),#107,.F.);
#1897=ADVANCED_FACE('',(#193),#108,.F.);
#1898=ADVANCED_FACE('',(#194),#1814,.F.);
#1899=ADVANCED_FACE('',(#195),#109,.F.);
#1900=ADVANCED_FACE('',(#196),#110,.F.);
#1901=ADVANCED_FACE('',(#197),#1815,.F.);
#1902=ADVANCED_FACE('',(#198),#111,.F.);
#1903=ADVANCED_FACE('',(#199),#112,.F.);
#1904=ADVANCED_FACE('',(#200),#1816,.F.);
#1905=ADVANCED_FACE('',(#201),#113,.F.);
#1906=ADVANCED_FACE('',(#202),#114,.F.);
#1907=ADVANCED_FACE('',(#203),#1817,.F.);
#1908=ADVANCED_FACE('',(#204),#115,.F.);
#1909=ADVANCED_FACE('',(#205),#116,.F.);
#1910=ADVANCED_FACE('',(#206),#1818,.F.);
#1911=ADVANCED_FACE('',(#207),#117,.F.);
#1912=ADVANCED_FACE('',(#208),#1819,.F.);
#1913=ADVANCED_FACE('',(#209),#1820,.F.);
#1914=ADVANCED_FACE('',(#210),#1821,.F.);
#1915=ADVANCED_FACE('',(#211),#1822,.F.);
#1916=ADVANCED_FACE('',(#212),#118,.T.);
#1917=CLOSED_SHELL('',(#1823,#1824,#1825,#1826,#1827,#1828,#1829,#1830,
#1831,#1832));
#1918=CLOSED_SHELL('',(#1833,#1834,#1835,#1836,#1837,#1838,#1839,#1840,
#1841,#1842,#1843,#1844,#1845,#1846,#1847,#1848,#1849,#1850,#1851,#1852,
#1853,#1854,#1855,#1856,#1857,#1858,#1859,#1860,#1861,#1862,#1863,#1864,
#1865,#1866,#1867,#1868,#1869,#1870,#1871,#1872,#1873,#1874,#1875,#1876,
#1877,#1878,#1879,#1880,#1881,#1882,#1883,#1884,#1885,#1886,#1887,#1888,
#1889,#1890,#1891,#1892,#1893,#1894,#1895,#1896,#1897,#1898,#1899,#1900,
#1901,#1902,#1903,#1904,#1905,#1906,#1907,#1908,#1909,#1910,#1911,#1912,
#1913,#1914,#1915,#1916));
#1919=DERIVED_UNIT_ELEMENT(#1923,1.);
#1920=DERIVED_UNIT_ELEMENT(#3205,-3.);
#1921=DERIVED_UNIT_ELEMENT(#1923,1.);
#1922=DERIVED_UNIT_ELEMENT(#3205,-3.);
#1923=(
MASS_UNIT()
NAMED_UNIT(*)
SI_UNIT(.KILO.,.GRAM.)
);
#1924=DERIVED_UNIT((#1919,#1920));
#1925=DERIVED_UNIT((#1921,#1922));
#1926=MEASURE_REPRESENTATION_ITEM('density measure',
POSITIVE_RATIO_MEASURE(1060.),#1924);
#1927=MEASURE_REPRESENTATION_ITEM('density measure',
POSITIVE_RATIO_MEASURE(1060.),#1925);
#1928=PROPERTY_DEFINITION_REPRESENTATION(#1938,#1932);
#1929=PROPERTY_DEFINITION_REPRESENTATION(#1939,#1933);
#1930=PROPERTY_DEFINITION_REPRESENTATION(#1940,#1934);
#1931=PROPERTY_DEFINITION_REPRESENTATION(#1941,#1935);
#1932=REPRESENTATION('material name',(#1936),#3201);
#1933=REPRESENTATION('density',(#1926),#3201);
#1934=REPRESENTATION('material name',(#1937),#3202);
#1935=REPRESENTATION('density',(#1927),#3202);
#1936=DESCRIPTIVE_REPRESENTATION_ITEM('ABS Plastic','ABS Plastic');
#1937=DESCRIPTIVE_REPRESENTATION_ITEM('ABS Plastic','ABS Plastic');
#1938=PROPERTY_DEFINITION('material property','material name',#3221);
#1939=PROPERTY_DEFINITION('material property','density of part',#3221);
#1940=PROPERTY_DEFINITION('material property','material name',#3222);
#1941=PROPERTY_DEFINITION('material property','density of part',#3222);
#1942=AXIS2_PLACEMENT_3D('',#2651,#2113,#2114);
#1943=AXIS2_PLACEMENT_3D('',#2652,#2115,#2116);
#1944=AXIS2_PLACEMENT_3D('',#2653,#2117,#2118);
#1945=AXIS2_PLACEMENT_3D('',#2655,#2119,#2120);
#1946=AXIS2_PLACEMENT_3D('',#2658,#2122,#2123);
#1947=AXIS2_PLACEMENT_3D('',#2659,#2124,#2125);
#1948=AXIS2_PLACEMENT_3D('',#2661,#2126,#2127);
#1949=AXIS2_PLACEMENT_3D('',#2664,#2129,#2130);
#1950=AXIS2_PLACEMENT_3D('',#2665,#2131,#2132);
#1951=AXIS2_PLACEMENT_3D('',#2667,#2133,#2134);
#1952=AXIS2_PLACEMENT_3D('',#2670,#2136,#2137);
#1953=AXIS2_PLACEMENT_3D('',#2671,#2138,#2139);
#1954=AXIS2_PLACEMENT_3D('',#2673,#2140,#2141);
#1955=AXIS2_PLACEMENT_3D('',#2676,#2143,#2144);
#1956=AXIS2_PLACEMENT_3D('',#2677,#2145,#2146);
#1957=AXIS2_PLACEMENT_3D('',#2686,#2151,#2152);
#1958=AXIS2_PLACEMENT_3D('',#2692,#2156,#2157);
#1959=AXIS2_PLACEMENT_3D('',#2698,#2161,#2162);
#1960=AXIS2_PLACEMENT_3D('',#2701,#2165,#2166);
#1961=AXIS2_PLACEMENT_3D('',#2702,#2167,#2168);
#1962=AXIS2_PLACEMENT_3D('',#2703,#2169,#2170);
#1963=AXIS2_PLACEMENT_3D('',#2704,#2171,#2172);
#1964=AXIS2_PLACEMENT_3D('',#2738,#2189,#2190);
#1965=AXIS2_PLACEMENT_3D('',#2740,#2191,#2192);
#1966=AXIS2_PLACEMENT_3D('',#2742,#2193,#2194);
#1967=AXIS2_PLACEMENT_3D('',#2744,#2195,#2196);
#1968=AXIS2_PLACEMENT_3D('',#2749,#2198,#2199);
#1969=AXIS2_PLACEMENT_3D('',#2753,#2201,#2202);
#1970=AXIS2_PLACEMENT_3D('',#2757,#2204,#2205);
#1971=AXIS2_PLACEMENT_3D('',#2760,#2207,#2208);
#1972=AXIS2_PLACEMENT_3D('',#2765,#2210,#2211);
#1973=AXIS2_PLACEMENT_3D('',#2769,#2213,#2214);
#1974=AXIS2_PLACEMENT_3D('',#2773,#2216,#2217);
#1975=AXIS2_PLACEMENT_3D('',#2776,#2219,#2220);
#1976=AXIS2_PLACEMENT_3D('',#2781,#2222,#2223);
#1977=AXIS2_PLACEMENT_3D('',#2785,#2225,#2226);
#1978=AXIS2_PLACEMENT_3D('',#2789,#2228,#2229);
#1979=AXIS2_PLACEMENT_3D('',#2792,#2231,#2232);
#1980=AXIS2_PLACEMENT_3D('',#2797,#2234,#2235);
#1981=AXIS2_PLACEMENT_3D('',#2801,#2237,#2238);
#1982=AXIS2_PLACEMENT_3D('',#2805,#2240,#2241);
#1983=AXIS2_PLACEMENT_3D('',#2808,#2243,#2244);
#1984=AXIS2_PLACEMENT_3D('',#2813,#2246,#2247);
#1985=AXIS2_PLACEMENT_3D('',#2817,#2249,#2250);
#1986=AXIS2_PLACEMENT_3D('',#2821,#2252,#2253);
#1987=AXIS2_PLACEMENT_3D('',#2824,#2255,#2256);
#1988=AXIS2_PLACEMENT_3D('',#2829,#2258,#2259);
#1989=AXIS2_PLACEMENT_3D('',#2833,#2261,#2262);
#1990=AXIS2_PLACEMENT_3D('',#2837,#2264,#2265);
#1991=AXIS2_PLACEMENT_3D('',#2840,#2267,#2268);
#1992=AXIS2_PLACEMENT_3D('',#2845,#2270,#2271);
#1993=AXIS2_PLACEMENT_3D('',#2849,#2273,#2274);
#1994=AXIS2_PLACEMENT_3D('',#2853,#2276,#2277);
#1995=AXIS2_PLACEMENT_3D('',#2856,#2279,#2280);
#1996=AXIS2_PLACEMENT_3D('',#2857,#2281,#2282);
#1997=AXIS2_PLACEMENT_3D('',#2861,#2284,#2285);
#1998=AXIS2_PLACEMENT_3D('',#2863,#2287,#2288);
#1999=AXIS2_PLACEMENT_3D('',#2867,#2291,#2292);
#2000=AXIS2_PLACEMENT_3D('',#2870,#2294,#2295);
#2001=AXIS2_PLACEMENT_3D('',#2871,#2296,#2297);
#2002=AXIS2_PLACEMENT_3D('',#2875,#2300,#2301);
#2003=AXIS2_PLACEMENT_3D('',#2879,#2303,#2304);
#2004=AXIS2_PLACEMENT_3D('',#2881,#2306,#2307);
#2005=AXIS2_PLACEMENT_3D('',#2885,#2310,#2311);
#2006=AXIS2_PLACEMENT_3D('',#2888,#2313,#2314);
#2007=AXIS2_PLACEMENT_3D('',#2889,#2315,#2316);
#2008=AXIS2_PLACEMENT_3D('',#2893,#2319,#2320);
#2009=AXIS2_PLACEMENT_3D('',#2897,#2322,#2323);
#2010=AXIS2_PLACEMENT_3D('',#2899,#2325,#2326);
#2011=AXIS2_PLACEMENT_3D('',#2903,#2329,#2330);
#2012=AXIS2_PLACEMENT_3D('',#2906,#2332,#2333);
#2013=AXIS2_PLACEMENT_3D('',#2907,#2334,#2335);
#2014=AXIS2_PLACEMENT_3D('',#2911,#2338,#2339);
#2015=AXIS2_PLACEMENT_3D('',#2915,#2341,#2342);
#2016=AXIS2_PLACEMENT_3D('',#2917,#2344,#2345);
#2017=AXIS2_PLACEMENT_3D('',#2921,#2348,#2349);
#2018=AXIS2_PLACEMENT_3D('',#2924,#2351,#2352);
#2019=AXIS2_PLACEMENT_3D('',#2925,#2353,#2354);
#2020=AXIS2_PLACEMENT_3D('',#2929,#2357,#2358);
#2021=AXIS2_PLACEMENT_3D('',#2933,#2360,#2361);
#2022=AXIS2_PLACEMENT_3D('',#2935,#2363,#2364);
#2023=AXIS2_PLACEMENT_3D('',#2939,#2367,#2368);
#2024=AXIS2_PLACEMENT_3D('',#2942,#2370,#2371);
#2025=AXIS2_PLACEMENT_3D('',#2943,#2372,#2373);
#2026=AXIS2_PLACEMENT_3D('',#2947,#2376,#2377);
#2027=AXIS2_PLACEMENT_3D('',#2951,#2379,#2380);
#2028=AXIS2_PLACEMENT_3D('',#2953,#2382,#2383);
#2029=AXIS2_PLACEMENT_3D('',#2957,#2386,#2387);
#2030=AXIS2_PLACEMENT_3D('',#2960,#2389,#2390);
#2031=AXIS2_PLACEMENT_3D('',#2961,#2391,#2392);
#2032=AXIS2_PLACEMENT_3D('',#2965,#2395,#2396);
#2033=AXIS2_PLACEMENT_3D('',#2969,#2398,#2399);
#2034=AXIS2_PLACEMENT_3D('',#2971,#2401,#2402);
#2035=AXIS2_PLACEMENT_3D('',#2975,#2405,#2406);
#2036=AXIS2_PLACEMENT_3D('',#2978,#2408,#2409);
#2037=AXIS2_PLACEMENT_3D('',#2979,#2410,#2411);
#2038=AXIS2_PLACEMENT_3D('',#2983,#2414,#2415);
#2039=AXIS2_PLACEMENT_3D('',#2989,#2419,#2420);
#2040=AXIS2_PLACEMENT_3D('',#2993,#2423,#2424);
#2041=AXIS2_PLACEMENT_3D('',#2999,#2428,#2429);
#2042=AXIS2_PLACEMENT_3D('',#3003,#2432,#2433);
#2043=AXIS2_PLACEMENT_3D('',#3009,#2437,#2438);
#2044=AXIS2_PLACEMENT_3D('',#3013,#2441,#2442);
#2045=AXIS2_PLACEMENT_3D('',#3017,#2445,#2446);
#2046=AXIS2_PLACEMENT_3D('',#3023,#2450,#2451);
#2047=AXIS2_PLACEMENT_3D('',#3039,#2459,#2460);
#2048=AXIS2_PLACEMENT_3D('',#3041,#2462,#2463);
#2049=AXIS2_PLACEMENT_3D('',#3046,#2465,#2466);
#2050=AXIS2_PLACEMENT_3D('',#3048,#2468,#2469);
#2051=AXIS2_PLACEMENT_3D('',#3053,#2471,#2472);
#2052=AXIS2_PLACEMENT_3D('',#3055,#2474,#2475);
#2053=AXIS2_PLACEMENT_3D('',#3060,#2477,#2478);
#2054=AXIS2_PLACEMENT_3D('',#3062,#2480,#2481);
#2055=AXIS2_PLACEMENT_3D('',#3067,#2483,#2484);
#2056=AXIS2_PLACEMENT_3D('',#3069,#2486,#2487);
#2057=AXIS2_PLACEMENT_3D('',#3074,#2489,#2490);
#2058=AXIS2_PLACEMENT_3D('',#3076,#2492,#2493);
#2059=AXIS2_PLACEMENT_3D('',#3081,#2495,#2496);
#2060=AXIS2_PLACEMENT_3D('',#3083,#2498,#2499);
#2061=AXIS2_PLACEMENT_3D('',#3090,#2504,#2505);
#2062=AXIS2_PLACEMENT_3D('',#3096,#2509,#2510);
#2063=AXIS2_PLACEMENT_3D('',#3100,#2513,#2514);
#2064=AXIS2_PLACEMENT_3D('',#3104,#2517,#2518);
#2065=AXIS2_PLACEMENT_3D('',#3108,#2521,#2522);
#2066=AXIS2_PLACEMENT_3D('',#3110,#2524,#2525);
#2067=AXIS2_PLACEMENT_3D('',#3112,#2527,#2528);
#2068=AXIS2_PLACEMENT_3D('',#3114,#2530,#2531);
#2069=AXIS2_PLACEMENT_3D('',#3116,#2533,#2534);
#2070=AXIS2_PLACEMENT_3D('',#3118,#2536,#2537);
#2071=AXIS2_PLACEMENT_3D('',#3120,#2539,#2540);
#2072=AXIS2_PLACEMENT_3D('',#3122,#2542,#2543);
#2073=AXIS2_PLACEMENT_3D('',#3124,#2545,#2546);
#2074=AXIS2_PLACEMENT_3D('',#3126,#2548,#2549);
#2075=AXIS2_PLACEMENT_3D('',#3128,#2551,#2552);
#2076=AXIS2_PLACEMENT_3D('',#3132,#2555,#2556);
#2077=AXIS2_PLACEMENT_3D('',#3134,#2558,#2559);
#2078=AXIS2_PLACEMENT_3D('',#3139,#2562,#2563);
#2079=AXIS2_PLACEMENT_3D('',#3141,#2564,#2565);
#2080=AXIS2_PLACEMENT_3D('',#3143,#2566,#2567);
#2081=AXIS2_PLACEMENT_3D('',#3145,#2568,#2569);
#2082=AXIS2_PLACEMENT_3D('',#3146,#2570,#2571);
#2083=AXIS2_PLACEMENT_3D('',#3148,#2573,#2574);
#2084=AXIS2_PLACEMENT_3D('',#3149,#2575,#2576);
#2085=AXIS2_PLACEMENT_3D('',#3150,#2577,#2578);
#2086=AXIS2_PLACEMENT_3D('',#3152,#2580,#2581);
#2087=AXIS2_PLACEMENT_3D('',#3154,#2583,#2584);
#2088=AXIS2_PLACEMENT_3D('',#3155,#2585,#2586);
#2089=AXIS2_PLACEMENT_3D('',#3157,#2588,#2589);
#2090=AXIS2_PLACEMENT_3D('',#3159,#2591,#2592);
#2091=AXIS2_PLACEMENT_3D('',#3160,#2593,#2594);
#2092=AXIS2_PLACEMENT_3D('',#3162,#2596,#2597);
#2093=AXIS2_PLACEMENT_3D('',#3164,#2599,#2600);
#2094=AXIS2_PLACEMENT_3D('',#3165,#2601,#2602);
#2095=AXIS2_PLACEMENT_3D('',#3167,#2604,#2605);
#2096=AXIS2_PLACEMENT_3D('',#3169,#2607,#2608);
#2097=AXIS2_PLACEMENT_3D('',#3170,#2609,#2610);
#2098=AXIS2_PLACEMENT_3D('',#3172,#2612,#2613);
#2099=AXIS2_PLACEMENT_3D('',#3174,#2615,#2616);
#2100=AXIS2_PLACEMENT_3D('',#3175,#2617,#2618);
#2101=AXIS2_PLACEMENT_3D('',#3177,#2620,#2621);
#2102=AXIS2_PLACEMENT_3D('',#3179,#2623,#2624);
#2103=AXIS2_PLACEMENT_3D('',#3180,#2625,#2626);
#2104=AXIS2_PLACEMENT_3D('',#3182,#2628,#2629);
#2105=AXIS2_PLACEMENT_3D('',#3184,#2631,#2632);
#2106=AXIS2_PLACEMENT_3D('',#3185,#2633,#2634);
#2107=AXIS2_PLACEMENT_3D('',#3187,#2636,#2637);
#2108=AXIS2_PLACEMENT_3D('',#3189,#2639,#2640);
#2109=AXIS2_PLACEMENT_3D('',#3191,#2642,#2643);
#2110=AXIS2_PLACEMENT_3D('',#3193,#2645,#2646);
#2111=AXIS2_PLACEMENT_3D('',#3194,#2647,#2648);
#2112=AXIS2_PLACEMENT_3D('',#3195,#2649,#2650);
#2113=DIRECTION('axis',(0.,0.,1.));
#2114=DIRECTION('refdir',(1.,0.,0.));
#2115=DIRECTION('axis',(0.,0.,1.));
#2116=DIRECTION('refdir',(1.,0.,0.));
#2117=DIRECTION('center_axis',(0.,1.,0.));
#2118=DIRECTION('ref_axis',(1.,0.,0.));
#2119=DIRECTION('center_axis',(0.,-1.,0.));
#2120=DIRECTION('ref_axis',(1.,0.,0.));
#2121=DIRECTION('',(0.,-1.,0.));
#2122=DIRECTION('center_axis',(0.,-1.,0.));
#2123=DIRECTION('ref_axis',(1.,0.,0.));
#2124=DIRECTION('center_axis',(0.,1.,0.));
#2125=DIRECTION('ref_axis',(1.,0.,0.));
#2126=DIRECTION('center_axis',(0.,-1.,0.));
#2127=DIRECTION('ref_axis',(1.,0.,0.));
#2128=DIRECTION('',(0.,-1.,0.));
#2129=DIRECTION('center_axis',(0.,-1.,0.));
#2130=DIRECTION('ref_axis',(1.,0.,0.));
#2131=DIRECTION('center_axis',(0.,1.,0.));
#2132=DIRECTION('ref_axis',(1.,0.,0.));
#2133=DIRECTION('center_axis',(0.,-1.,0.));
#2134=DIRECTION('ref_axis',(1.,0.,0.));
#2135=DIRECTION('',(0.,-1.,0.));
#2136=DIRECTION('center_axis',(0.,-1.,0.));
#2137=DIRECTION('ref_axis',(1.,0.,0.));
#2138=DIRECTION('center_axis',(0.,1.,0.));
#2139=DIRECTION('ref_axis',(1.,0.,0.));
#2140=DIRECTION('center_axis',(0.,-1.,0.));
#2141=DIRECTION('ref_axis',(1.,0.,0.));
#2142=DIRECTION('',(0.,-1.,0.));
#2143=DIRECTION('center_axis',(0.,-1.,0.));
#2144=DIRECTION('ref_axis',(1.,0.,0.));
#2145=DIRECTION('center_axis',(1.,0.,0.));
#2146=DIRECTION('ref_axis',(0.,0.,-1.));
#2147=DIRECTION('',(0.,0.,1.));
#2148=DIRECTION('',(0.,1.,0.));
#2149=DIRECTION('',(0.,0.,-1.));
#2150=DIRECTION('',(0.,1.,0.));
#2151=DIRECTION('center_axis',(0.,0.,1.));
#2152=DIRECTION('ref_axis',(1.,0.,0.));
#2153=DIRECTION('',(-1.,0.,0.));
#2154=DIRECTION('',(1.,0.,0.));
#2155=DIRECTION('',(0.,1.,0.));
#2156=DIRECTION('center_axis',(-1.,0.,0.));
#2157=DIRECTION('ref_axis',(0.,0.,1.));
#2158=DIRECTION('',(0.,0.,-1.));
#2159=DIRECTION('',(0.,0.,1.));
#2160=DIRECTION('',(0.,1.,0.));
#2161=DIRECTION('center_axis',(0.,0.,-1.));
#2162=DIRECTION('ref_axis',(-1.,0.,0.));
#2163=DIRECTION('',(1.,0.,0.));
#2164=DIRECTION('',(-1.,0.,0.));
#2165=DIRECTION('center_axis',(0.,1.,0.));
#2166=DIRECTION('ref_axis',(1.,0.,0.));
#2167=DIRECTION('center_axis',(0.,1.,0.));
#2168=DIRECTION('ref_axis',(1.,0.,0.));
#2169=DIRECTION('axis',(0.,0.,1.));
#2170=DIRECTION('refdir',(1.,0.,0.));
#2171=DIRECTION('center_axis',(0.,1.,0.));
#2172=DIRECTION('ref_axis',(-1.,0.,0.));
#2173=DIRECTION('',(0.,0.,1.));
#2174=DIRECTION('',(-1.,0.,0.));
#2175=DIRECTION('',(0.,0.,-1.));
#2176=DIRECTION('',(-1.,0.,0.));
#2177=DIRECTION('',(0.,0.,1.));
#2178=DIRECTION('',(1.,0.,0.));
#2179=DIRECTION('',(0.,0.,-1.));
#2180=DIRECTION('',(-1.,0.,0.));
#2181=DIRECTION('',(1.68675167091689E-80,0.,-1.));
#2182=DIRECTION('',(1.,0.,0.));
#2183=DIRECTION('',(-1.68675167091689E-80,0.,1.));
#2184=DIRECTION('',(-1.,0.,0.));
#2185=DIRECTION('',(1.68675167091689E-80,0.,-1.));
#2186=DIRECTION('',(1.,0.,0.));
#2187=DIRECTION('',(-1.68675167091689E-80,0.,1.));
#2188=DIRECTION('',(-1.,0.,0.));
#2189=DIRECTION('center_axis',(0.,1.,0.));
#2190=DIRECTION('ref_axis',(1.,0.,0.));
#2191=DIRECTION('center_axis',(0.,1.,0.));
#2192=DIRECTION('ref_axis',(1.,0.,0.));
#2193=DIRECTION('center_axis',(0.,1.,0.));
#2194=DIRECTION('ref_axis',(1.,0.,0.));
#2195=DIRECTION('center_axis',(0.,1.,0.));
#2196=DIRECTION('ref_axis',(1.,0.,0.));
#2197=DIRECTION('',(-1.,0.,0.));
#2198=DIRECTION('center_axis',(0.,1.,0.));
#2199=DIRECTION('ref_axis',(1.,0.,0.));
#2200=DIRECTION('',(0.,0.,-1.));
#2201=DIRECTION('center_axis',(0.,1.,0.));
#2202=DIRECTION('ref_axis',(0.,0.,1.));
#2203=DIRECTION('',(1.,0.,0.));
#2204=DIRECTION('center_axis',(0.,1.,0.));
#2205=DIRECTION('ref_axis',(-1.,0.,4.44089209850063E-15));
#2206=DIRECTION('',(0.,0.,1.));
#2207=DIRECTION('center_axis',(0.,1.,0.));
#2208=DIRECTION('ref_axis',(0.,0.,-1.));
#2209=DIRECTION('',(-1.,0.,0.));
#2210=DIRECTION('center_axis',(0.,1.,0.));
#2211=DIRECTION('ref_axis',(1.,0.,0.));
#2212=DIRECTION('',(0.,0.,-1.));
#2213=DIRECTION('center_axis',(0.,1.,0.));
#2214=DIRECTION('ref_axis',(0.,0.,1.));
#2215=DIRECTION('',(1.,0.,0.));
#2216=DIRECTION('center_axis',(0.,1.,0.));
#2217=DIRECTION('ref_axis',(-1.,0.,0.));
#2218=DIRECTION('',(0.,0.,1.));
#2219=DIRECTION('center_axis',(0.,1.,0.));
#2220=DIRECTION('ref_axis',(0.,0.,-1.));
#2221=DIRECTION('',(-1.,0.,0.));
#2222=DIRECTION('center_axis',(0.,1.,0.));
#2223=DIRECTION('ref_axis',(1.,0.,0.));
#2224=DIRECTION('',(0.,0.,-1.));
#2225=DIRECTION('center_axis',(0.,1.,0.));
#2226=DIRECTION('ref_axis',(0.,0.,1.));
#2227=DIRECTION('',(1.,0.,0.));
#2228=DIRECTION('center_axis',(0.,1.,0.));
#2229=DIRECTION('ref_axis',(-1.,0.,0.));
#2230=DIRECTION('',(0.,0.,1.));
#2231=DIRECTION('center_axis',(0.,1.,0.));
#2232=DIRECTION('ref_axis',(0.,0.,-1.));
#2233=DIRECTION('',(-1.,0.,0.));
#2234=DIRECTION('center_axis',(0.,1.,0.));
#2235=DIRECTION('ref_axis',(1.,0.,0.));
#2236=DIRECTION('',(0.,0.,-1.));
#2237=DIRECTION('center_axis',(0.,1.,0.));
#2238=DIRECTION('ref_axis',(-8.88178419700128E-15,0.,1.));
#2239=DIRECTION('',(1.,0.,0.));
#2240=DIRECTION('center_axis',(0.,1.,0.));
#2241=DIRECTION('ref_axis',(-1.,0.,0.));
#2242=DIRECTION('',(0.,0.,1.));
#2243=DIRECTION('center_axis',(0.,1.,0.));
#2244=DIRECTION('ref_axis',(0.,0.,-1.));
#2245=DIRECTION('',(-1.,0.,0.));
#2246=DIRECTION('center_axis',(0.,1.,0.));
#2247=DIRECTION('ref_axis',(1.,0.,0.));
#2248=DIRECTION('',(0.,0.,-1.));
#2249=DIRECTION('center_axis',(0.,1.,0.));
#2250=DIRECTION('ref_axis',(0.,0.,1.));
#2251=DIRECTION('',(1.,0.,0.));
#2252=DIRECTION('center_axis',(0.,1.,0.));
#2253=DIRECTION('ref_axis',(-1.,0.,0.));
#2254=DIRECTION('',(0.,0.,1.));
#2255=DIRECTION('center_axis',(0.,1.,0.));
#2256=DIRECTION('ref_axis',(0.,0.,-1.));
#2257=DIRECTION('',(-1.,0.,0.));
#2258=DIRECTION('center_axis',(0.,1.,0.));
#2259=DIRECTION('ref_axis',(1.,0.,0.));
#2260=DIRECTION('',(0.,0.,-1.));
#2261=DIRECTION('center_axis',(0.,1.,0.));
#2262=DIRECTION('ref_axis',(0.,0.,1.));
#2263=DIRECTION('',(1.,0.,0.));
#2264=DIRECTION('center_axis',(0.,1.,0.));
#2265=DIRECTION('ref_axis',(-1.,0.,0.));
#2266=DIRECTION('',(0.,0.,1.));
#2267=DIRECTION('center_axis',(0.,1.,0.));
#2268=DIRECTION('ref_axis',(0.,0.,-1.));
#2269=DIRECTION('',(-1.,0.,0.));
#2270=DIRECTION('center_axis',(0.,1.,0.));
#2271=DIRECTION('ref_axis',(1.,0.,0.));
#2272=DIRECTION('',(0.,0.,-1.));
#2273=DIRECTION('center_axis',(0.,1.,0.));
#2274=DIRECTION('ref_axis',(0.,0.,1.));
#2275=DIRECTION('',(1.,0.,0.));
#2276=DIRECTION('center_axis',(0.,1.,0.));
#2277=DIRECTION('ref_axis',(-1.,0.,-4.44089209850062E-15));
#2278=DIRECTION('',(0.,0.,1.));
#2279=DIRECTION('center_axis',(0.,1.,0.));
#2280=DIRECTION('ref_axis',(0.,0.,-1.));
#2281=DIRECTION('center_axis',(0.,1.,0.));
#2282=DIRECTION('ref_axis',(-1.,0.,-4.44089209850062E-15));
#2283=DIRECTION('',(0.,1.,0.));
#2284=DIRECTION('center_axis',(0.,1.,0.));
#2285=DIRECTION('ref_axis',(-1.,0.,-4.44089209850062E-15));
#2286=DIRECTION('',(0.,1.,0.));
#2287=DIRECTION('center_axis',(0.,0.,1.));
#2288=DIRECTION('ref_axis',(1.,0.,0.));
#2289=DIRECTION('',(0.,1.,0.));
#2290=DIRECTION('',(1.,0.,0.));
#2291=DIRECTION('center_axis',(0.,1.,0.));
#2292=DIRECTION('ref_axis',(0.,0.,1.));
#2293=DIRECTION('',(0.,1.,0.));
#2294=DIRECTION('center_axis',(0.,1.,0.));
#2295=DIRECTION('ref_axis',(0.,0.,1.));
#2296=DIRECTION('center_axis',(1.,0.,0.));
#2297=DIRECTION('ref_axis',(0.,0.,-1.));
#2298=DIRECTION('',(0.,1.,0.));
#2299=DIRECTION('',(0.,0.,-1.));
#2300=DIRECTION('center_axis',(0.,1.,0.));
#2301=DIRECTION('ref_axis',(-1.,0.,0.));
#2302=DIRECTION('',(0.,1.,0.));
#2303=DIRECTION('center_axis',(0.,1.,0.));
#2304=DIRECTION('ref_axis',(-1.,0.,0.));
#2305=DIRECTION('',(0.,1.,0.));
#2306=DIRECTION('center_axis',(0.,0.,1.));
#2307=DIRECTION('ref_axis',(1.,0.,0.));
#2308=DIRECTION('',(0.,1.,0.));
#2309=DIRECTION('',(1.,0.,0.));
#2310=DIRECTION('center_axis',(0.,1.,0.));
#2311=DIRECTION('ref_axis',(0.,0.,1.));
#2312=DIRECTION('',(0.,1.,0.));
#2313=DIRECTION('center_axis',(0.,1.,0.));
#2314=DIRECTION('ref_axis',(0.,0.,1.));
#2315=DIRECTION('center_axis',(1.,0.,0.));
#2316=DIRECTION('ref_axis',(0.,0.,-1.));
#2317=DIRECTION('',(0.,1.,0.));
#2318=DIRECTION('',(0.,0.,-1.));
#2319=DIRECTION('center_axis',(0.,1.,0.));
#2320=DIRECTION('ref_axis',(-1.,0.,0.));
#2321=DIRECTION('',(0.,1.,0.));
#2322=DIRECTION('center_axis',(0.,1.,0.));
#2323=DIRECTION('ref_axis',(-1.,0.,0.));
#2324=DIRECTION('',(0.,1.,0.));
#2325=DIRECTION('center_axis',(0.,0.,1.));
#2326=DIRECTION('ref_axis',(1.,0.,0.));
#2327=DIRECTION('',(0.,1.,0.));
#2328=DIRECTION('',(1.,0.,0.));
#2329=DIRECTION('center_axis',(0.,1.,0.));
#2330=DIRECTION('ref_axis',(0.,0.,1.));
#2331=DIRECTION('',(0.,1.,0.));
#2332=DIRECTION('center_axis',(0.,1.,0.));
#2333=DIRECTION('ref_axis',(0.,0.,1.));
#2334=DIRECTION('center_axis',(1.,0.,0.));
#2335=DIRECTION('ref_axis',(0.,0.,-1.));
#2336=DIRECTION('',(0.,1.,0.));
#2337=DIRECTION('',(0.,0.,-1.));
#2338=DIRECTION('center_axis',(0.,1.,0.));
#2339=DIRECTION('ref_axis',(-1.,0.,0.));
#2340=DIRECTION('',(0.,1.,0.));
#2341=DIRECTION('center_axis',(0.,1.,0.));
#2342=DIRECTION('ref_axis',(-1.,0.,0.));
#2343=DIRECTION('',(0.,1.,0.));
#2344=DIRECTION('center_axis',(0.,0.,1.));
#2345=DIRECTION('ref_axis',(1.,0.,0.));
#2346=DIRECTION('',(0.,1.,0.));
#2347=DIRECTION('',(1.,0.,0.));
#2348=DIRECTION('center_axis',(0.,1.,0.));
#2349=DIRECTION('ref_axis',(-8.88178419700128E-15,0.,1.));
#2350=DIRECTION('',(0.,1.,0.));
#2351=DIRECTION('center_axis',(0.,1.,0.));
#2352=DIRECTION('ref_axis',(-8.88178419700128E-15,0.,1.));
#2353=DIRECTION('center_axis',(1.,0.,0.));
#2354=DIRECTION('ref_axis',(0.,0.,-1.));
#2355=DIRECTION('',(0.,1.,0.));
#2356=DIRECTION('',(0.,0.,-1.));
#2357=DIRECTION('center_axis',(0.,1.,0.));
#2358=DIRECTION('ref_axis',(-1.,0.,0.));
#2359=DIRECTION('',(0.,1.,0.));
#2360=DIRECTION('center_axis',(0.,1.,0.));
#2361=DIRECTION('ref_axis',(-1.,0.,0.));
#2362=DIRECTION('',(0.,1.,0.));
#2363=DIRECTION('center_axis',(0.,0.,1.));
#2364=DIRECTION('ref_axis',(1.,0.,0.));
#2365=DIRECTION('',(0.,1.,0.));
#2366=DIRECTION('',(1.,0.,0.));
#2367=DIRECTION('center_axis',(0.,1.,0.));
#2368=DIRECTION('ref_axis',(0.,0.,1.));
#2369=DIRECTION('',(0.,1.,0.));
#2370=DIRECTION('center_axis',(0.,1.,0.));
#2371=DIRECTION('ref_axis',(0.,0.,1.));
#2372=DIRECTION('center_axis',(1.,0.,0.));
#2373=DIRECTION('ref_axis',(0.,0.,-1.));
#2374=DIRECTION('',(0.,1.,0.));
#2375=DIRECTION('',(0.,0.,-1.));
#2376=DIRECTION('center_axis',(0.,1.,0.));
#2377=DIRECTION('ref_axis',(-1.,0.,0.));
#2378=DIRECTION('',(0.,1.,0.));
#2379=DIRECTION('center_axis',(0.,1.,0.));
#2380=DIRECTION('ref_axis',(-1.,0.,0.));
#2381=DIRECTION('',(0.,1.,0.));
#2382=DIRECTION('center_axis',(0.,0.,1.));
#2383=DIRECTION('ref_axis',(1.,0.,0.));
#2384=DIRECTION('',(0.,1.,0.));
#2385=DIRECTION('',(1.,0.,0.));
#2386=DIRECTION('center_axis',(0.,1.,0.));
#2387=DIRECTION('ref_axis',(0.,0.,1.));
#2388=DIRECTION('',(0.,1.,0.));
#2389=DIRECTION('center_axis',(0.,1.,0.));
#2390=DIRECTION('ref_axis',(0.,0.,1.));
#2391=DIRECTION('center_axis',(1.,0.,0.));
#2392=DIRECTION('ref_axis',(0.,0.,-1.));
#2393=DIRECTION('',(0.,1.,0.));
#2394=DIRECTION('',(0.,0.,-1.));
#2395=DIRECTION('center_axis',(0.,1.,0.));
#2396=DIRECTION('ref_axis',(-1.,0.,4.44089209850063E-15));
#2397=DIRECTION('',(0.,1.,0.));
#2398=DIRECTION('center_axis',(0.,1.,0.));
#2399=DIRECTION('ref_axis',(-1.,0.,4.44089209850063E-15));
#2400=DIRECTION('',(0.,1.,0.));
#2401=DIRECTION('center_axis',(0.,0.,1.));
#2402=DIRECTION('ref_axis',(1.,0.,0.));
#2403=DIRECTION('',(0.,1.,0.));
#2404=DIRECTION('',(1.,0.,0.));
#2405=DIRECTION('center_axis',(0.,1.,0.));
#2406=DIRECTION('ref_axis',(0.,0.,1.));
#2407=DIRECTION('',(0.,1.,0.));
#2408=DIRECTION('center_axis',(0.,1.,0.));
#2409=DIRECTION('ref_axis',(0.,0.,1.));
#2410=DIRECTION('center_axis',(1.,0.,0.));
#2411=DIRECTION('ref_axis',(0.,0.,-1.));
#2412=DIRECTION('',(0.,1.,0.));
#2413=DIRECTION('',(0.,0.,-1.));
#2414=DIRECTION('center_axis',(0.,0.,-1.));
#2415=DIRECTION('ref_axis',(-1.,6.84227765783603E-49,0.));
#2416=DIRECTION('',(0.,1.,0.));
#2417=DIRECTION('',(-1.,0.,0.));
#2418=DIRECTION('',(0.,-1.,0.));
#2419=DIRECTION('center_axis',(-1.,0.,-1.68675167091689E-80));
#2420=DIRECTION('ref_axis',(-1.68675167091689E-80,-2.46519032881566E-32,
1.));
#2421=DIRECTION('',(0.,1.,0.));
#2422=DIRECTION('',(-1.68675167091689E-80,0.,1.));
#2423=DIRECTION('center_axis',(0.,0.,-1.));
#2424=DIRECTION('ref_axis',(-1.,6.84227765783603E-49,0.));
#2425=DIRECTION('',(0.,1.,0.));
#2426=DIRECTION('',(-1.,0.,0.));
#2427=DIRECTION('',(0.,-1.,0.));
#2428=DIRECTION('center_axis',(-1.,0.,-1.68675167091689E-80));
#2429=DIRECTION('ref_axis',(-1.68675167091689E-80,-2.46519032881566E-32,
1.));
#2430=DIRECTION('',(0.,1.,0.));
#2431=DIRECTION('',(-1.68675167091689E-80,0.,1.));
#2432=DIRECTION('center_axis',(0.,0.,-1.));
#2433=DIRECTION('ref_axis',(-1.,0.,0.));
#2434=DIRECTION('',(0.,1.,0.));
#2435=DIRECTION('',(1.,0.,0.));
#2436=DIRECTION('',(0.,1.,0.));
#2437=DIRECTION('center_axis',(1.,0.,0.));
#2438=DIRECTION('ref_axis',(0.,0.,-1.));
#2439=DIRECTION('',(0.,1.,0.));
#2440=DIRECTION('',(0.,0.,1.));
#2441=DIRECTION('center_axis',(0.,0.,1.));
#2442=DIRECTION('ref_axis',(1.,0.,0.));
#2443=DIRECTION('',(0.,-1.,0.));
#2444=DIRECTION('',(-1.,0.,0.));
#2445=DIRECTION('center_axis',(1.,0.,0.));
#2446=DIRECTION('ref_axis',(0.,-1.,0.));
#2447=DIRECTION('',(0.,-1.,0.));
#2448=DIRECTION('',(0.,1.,0.));
#2449=DIRECTION('',(0.,0.,-1.));
#2450=DIRECTION('center_axis',(0.,1.,0.));
#2451=DIRECTION('ref_axis',(-1.,0.,0.));
#2452=DIRECTION('',(0.,0.,1.));
#2453=DIRECTION('',(-1.,0.,0.));
#2454=DIRECTION('',(0.,0.,-1.));
#2455=DIRECTION('',(1.,0.,0.));
#2456=DIRECTION('',(-1.,0.,0.));
#2457=DIRECTION('',(1.,0.,0.));
#2458=DIRECTION('',(-1.,0.,0.));
#2459=DIRECTION('center_axis',(0.,1.,0.));
#2460=DIRECTION('ref_axis',(0.,0.,-1.));
#2461=DIRECTION('',(0.,0.,1.));
#2462=DIRECTION('center_axis',(0.,1.,0.));
#2463=DIRECTION('ref_axis',(1.,0.,0.));
#2464=DIRECTION('',(-1.,0.,0.));
#2465=DIRECTION('center_axis',(0.,1.,0.));
#2466=DIRECTION('ref_axis',(0.,0.,-1.));
#2467=DIRECTION('',(0.,0.,1.));
#2468=DIRECTION('center_axis',(0.,1.,0.));
#2469=DIRECTION('ref_axis',(1.,0.,0.));
#2470=DIRECTION('',(-1.,0.,0.));
#2471=DIRECTION('center_axis',(0.,1.,0.));
#2472=DIRECTION('ref_axis',(0.,0.,-1.));
#2473=DIRECTION('',(0.,0.,1.));
#2474=DIRECTION('center_axis',(0.,1.,0.));
#2475=DIRECTION('ref_axis',(1.,0.,0.));
#2476=DIRECTION('',(-1.,0.,0.));
#2477=DIRECTION('center_axis',(0.,1.,0.));
#2478=DIRECTION('ref_axis',(0.,0.,-1.));
#2479=DIRECTION('',(0.,0.,1.));
#2480=DIRECTION('center_axis',(0.,1.,0.));
#2481=DIRECTION('ref_axis',(1.,0.,0.));
#2482=DIRECTION('',(-1.,0.,0.));
#2483=DIRECTION('center_axis',(0.,1.,0.));
#2484=DIRECTION('ref_axis',(0.,0.,-1.));
#2485=DIRECTION('',(0.,0.,1.));
#2486=DIRECTION('center_axis',(0.,1.,0.));
#2487=DIRECTION('ref_axis',(1.,0.,0.));
#2488=DIRECTION('',(-1.,0.,0.));
#2489=DIRECTION('center_axis',(0.,1.,0.));
#2490=DIRECTION('ref_axis',(0.,0.,-1.));
#2491=DIRECTION('',(0.,0.,1.));
#2492=DIRECTION('center_axis',(0.,1.,0.));
#2493=DIRECTION('ref_axis',(1.,0.,0.));
#2494=DIRECTION('',(-1.,0.,0.));
#2495=DIRECTION('center_axis',(0.,1.,0.));
#2496=DIRECTION('ref_axis',(0.,0.,-1.));
#2497=DIRECTION('',(0.,0.,1.));
#2498=DIRECTION('center_axis',(0.,1.,0.));
#2499=DIRECTION('ref_axis',(1.,0.,0.));
#2500=DIRECTION('',(1.68675167091689E-80,0.,-1.));
#2501=DIRECTION('',(1.,0.,0.));
#2502=DIRECTION('',(1.68675167091689E-80,0.,-1.));
#2503=DIRECTION('',(1.,0.,0.));
#2504=DIRECTION('center_axis',(-1.,0.,0.));
#2505=DIRECTION('ref_axis',(0.,0.,1.));
#2506=DIRECTION('',(0.,1.,0.));
#2507=DIRECTION('',(0.,0.,1.));
#2508=DIRECTION('',(0.,1.,0.));
#2509=DIRECTION('center_axis',(0.,0.,1.));
#2510=DIRECTION('ref_axis',(1.,0.,0.));
#2511=DIRECTION('',(0.,1.,0.));
#2512=DIRECTION('',(1.,0.,0.));
#2513=DIRECTION('center_axis',(1.,0.,0.));
#2514=DIRECTION('ref_axis',(0.,0.,-1.));
#2515=DIRECTION('',(0.,1.,0.));
#2516=DIRECTION('',(0.,0.,-1.));
#2517=DIRECTION('center_axis',(0.,0.,-1.));
#2518=DIRECTION('ref_axis',(-1.,0.,0.));
#2519=DIRECTION('',(0.,-1.,0.));
#2520=DIRECTION('',(-1.,0.,0.));
#2521=DIRECTION('center_axis',(0.,1.,0.));
#2522=DIRECTION('ref_axis',(1.,0.,0.));
#2523=DIRECTION('',(0.,1.,0.));
#2524=DIRECTION('center_axis',(0.,1.,0.));
#2525=DIRECTION('ref_axis',(1.,0.,0.));
#2526=DIRECTION('',(0.,1.,0.));
#2527=DIRECTION('center_axis',(0.,1.,0.));
#2528=DIRECTION('ref_axis',(1.,0.,0.));
#2529=DIRECTION('',(0.,1.,0.));
#2530=DIRECTION('center_axis',(0.,1.,0.));
#2531=DIRECTION('ref_axis',(1.,0.,0.));
#2532=DIRECTION('',(0.,1.,0.));
#2533=DIRECTION('center_axis',(0.,1.,0.));
#2534=DIRECTION('ref_axis',(1.,0.,0.));
#2535=DIRECTION('',(0.,1.,0.));
#2536=DIRECTION('center_axis',(0.,1.,0.));
#2537=DIRECTION('ref_axis',(1.,0.,0.));
#2538=DIRECTION('',(0.,1.,0.));
#2539=DIRECTION('center_axis',(0.,1.,0.));
#2540=DIRECTION('ref_axis',(1.,0.,0.));
#2541=DIRECTION('',(0.,1.,0.));
#2542=DIRECTION('center_axis',(0.,0.,1.));
#2543=DIRECTION('ref_axis',(1.,-6.84227765783603E-49,0.));
#2544=DIRECTION('',(0.,1.,0.));
#2545=DIRECTION('center_axis',(0.,0.,1.));
#2546=DIRECTION('ref_axis',(1.,-6.84227765783603E-49,0.));
#2547=DIRECTION('',(0.,1.,0.));
#2548=DIRECTION('center_axis',(0.,0.,-1.));
#2549=DIRECTION('ref_axis',(-1.,0.,0.));
#2550=DIRECTION('',(0.,-1.,0.));
#2551=DIRECTION('center_axis',(-1.,0.,0.));
#2552=DIRECTION('ref_axis',(0.,1.,0.));
#2553=DIRECTION('',(0.,1.,0.));
#2554=DIRECTION('',(0.,0.,1.));
#2555=DIRECTION('center_axis',(0.,0.,-1.));
#2556=DIRECTION('ref_axis',(-1.,0.,0.));
#2557=DIRECTION('',(-1.,0.,0.));
#2558=DIRECTION('center_axis',(0.,1.,0.));
#2559=DIRECTION('ref_axis',(1.,0.,0.));
#2560=DIRECTION('',(-1.,0.,0.));
#2561=DIRECTION('',(0.,0.,-1.));
#2562=DIRECTION('center_axis',(0.,-1.,0.));
#2563=DIRECTION('ref_axis',(1.,0.,0.));
#2564=DIRECTION('center_axis',(0.,-1.,0.));
#2565=DIRECTION('ref_axis',(1.,0.,0.));
#2566=DIRECTION('center_axis',(0.,-1.,0.));
#2567=DIRECTION('ref_axis',(1.,0.,0.));
#2568=DIRECTION('center_axis',(0.,-1.,0.));
#2569=DIRECTION('ref_axis',(1.,0.,0.));
#2570=DIRECTION('center_axis',(0.,0.,1.));
#2571=DIRECTION('ref_axis',(1.,0.,0.));
#2572=DIRECTION('',(0.,1.,0.));
#2573=DIRECTION('center_axis',(1.,0.,1.68675167091689E-80));
#2574=DIRECTION('ref_axis',(1.68675167091689E-80,2.46519032881566E-32,-1.));
#2575=DIRECTION('center_axis',(1.,0.,1.68675167091689E-80));
#2576=DIRECTION('ref_axis',(1.68675167091689E-80,2.46519032881566E-32,-1.));
#2577=DIRECTION('center_axis',(-1.,0.,0.));
#2578=DIRECTION('ref_axis',(0.,0.,1.));
#2579=DIRECTION('',(0.,1.,0.));
#2580=DIRECTION('center_axis',(0.,1.,0.));
#2581=DIRECTION('ref_axis',(0.,0.,-1.));
#2582=DIRECTION('',(0.,-1.,0.));
#2583=DIRECTION('center_axis',(0.,0.,-1.));
#2584=DIRECTION('ref_axis',(-1.,0.,0.));
#2585=DIRECTION('center_axis',(-1.,0.,0.));
#2586=DIRECTION('ref_axis',(0.,0.,1.));
#2587=DIRECTION('',(0.,1.,0.));
#2588=DIRECTION('center_axis',(0.,1.,0.));
#2589=DIRECTION('ref_axis',(0.,0.,-1.));
#2590=DIRECTION('',(0.,-1.,0.));
#2591=DIRECTION('center_axis',(0.,0.,-1.));
#2592=DIRECTION('ref_axis',(-1.,0.,0.));
#2593=DIRECTION('center_axis',(-1.,0.,0.));
#2594=DIRECTION('ref_axis',(0.,0.,1.));
#2595=DIRECTION('',(0.,1.,0.));
#2596=DIRECTION('center_axis',(0.,1.,0.));
#2597=DIRECTION('ref_axis',(0.,0.,-1.));
#2598=DIRECTION('',(0.,-1.,0.));
#2599=DIRECTION('center_axis',(0.,0.,-1.));
#2600=DIRECTION('ref_axis',(-1.,0.,0.));
#2601=DIRECTION('center_axis',(-1.,0.,0.));
#2602=DIRECTION('ref_axis',(0.,0.,1.));
#2603=DIRECTION('',(0.,1.,0.));
#2604=DIRECTION('center_axis',(0.,1.,0.));
#2605=DIRECTION('ref_axis',(0.,0.,-1.));
#2606=DIRECTION('',(0.,-1.,0.));
#2607=DIRECTION('center_axis',(0.,0.,-1.));
#2608=DIRECTION('ref_axis',(-1.,0.,0.));
#2609=DIRECTION('center_axis',(-1.,0.,0.));
#2610=DIRECTION('ref_axis',(0.,0.,1.));
#2611=DIRECTION('',(0.,1.,0.));
#2612=DIRECTION('center_axis',(0.,1.,0.));
#2613=DIRECTION('ref_axis',(0.,0.,-1.));
#2614=DIRECTION('',(0.,-1.,0.));
#2615=DIRECTION('center_axis',(0.,0.,-1.));
#2616=DIRECTION('ref_axis',(-1.,0.,0.));
#2617=DIRECTION('center_axis',(-1.,0.,0.));
#2618=DIRECTION('ref_axis',(0.,0.,1.));
#2619=DIRECTION('',(0.,1.,0.));
#2620=DIRECTION('center_axis',(0.,1.,0.));
#2621=DIRECTION('ref_axis',(0.,0.,-1.));
#2622=DIRECTION('',(0.,-1.,0.));
#2623=DIRECTION('center_axis',(0.,0.,-1.));
#2624=DIRECTION('ref_axis',(-1.,0.,0.));
#2625=DIRECTION('center_axis',(-1.,0.,0.));
#2626=DIRECTION('ref_axis',(0.,0.,1.));
#2627=DIRECTION('',(0.,1.,0.));
#2628=DIRECTION('center_axis',(0.,1.,0.));
#2629=DIRECTION('ref_axis',(0.,0.,-1.));
#2630=DIRECTION('',(0.,-1.,0.));
#2631=DIRECTION('center_axis',(0.,0.,-1.));
#2632=DIRECTION('ref_axis',(-1.,0.,0.));
#2633=DIRECTION('center_axis',(0.,1.,0.));
#2634=DIRECTION('ref_axis',(1.,0.,0.));
#2635=DIRECTION('',(0.,-1.,0.));
#2636=DIRECTION('center_axis',(0.,1.,0.));
#2637=DIRECTION('ref_axis',(1.,0.,0.));
#2638=DIRECTION('',(0.,-1.,0.));
#2639=DIRECTION('center_axis',(0.,1.,0.));
#2640=DIRECTION('ref_axis',(1.,0.,0.));
#2641=DIRECTION('',(0.,-1.,0.));
#2642=DIRECTION('center_axis',(0.,1.,0.));
#2643=DIRECTION('ref_axis',(1.,0.,0.));
#2644=DIRECTION('',(0.,-1.,0.));
#2645=DIRECTION('center_axis',(-1.,0.,0.));
#2646=DIRECTION('ref_axis',(0.,0.,1.));
#2647=DIRECTION('',(0.,0.,1.));
#2648=DIRECTION('',(1.,0.,0.));
#2649=DIRECTION('',(0.,0.,1.));
#2650=DIRECTION('',(1.,0.,0.));
#2651=CARTESIAN_POINT('',(0.,0.,0.));
#2652=CARTESIAN_POINT('',(0.,0.,0.));
#2653=CARTESIAN_POINT('Origin',(-55.4,10.,45.255));
#2654=CARTESIAN_POINT('',(-56.85,15.,45.255));
#2655=CARTESIAN_POINT('Origin',(-55.4,15.,45.255));
#2656=CARTESIAN_POINT('',(-56.85,10.,45.255));
#2657=CARTESIAN_POINT('',(-56.85,10.,45.255));
#2658=CARTESIAN_POINT('Origin',(-55.4,10.,45.255));
#2659=CARTESIAN_POINT('Origin',(55.,10.,45.255));
#2660=CARTESIAN_POINT('',(53.55,15.,45.255));
#2661=CARTESIAN_POINT('Origin',(55.,15.,45.255));
#2662=CARTESIAN_POINT('',(53.55,10.,45.255));
#2663=CARTESIAN_POINT('',(53.55,10.,45.255));
#2664=CARTESIAN_POINT('Origin',(55.,10.,45.255));
#2665=CARTESIAN_POINT('Origin',(-55.4,10.,-34.645));
#2666=CARTESIAN_POINT('',(-56.85,15.,-34.645));
#2667=CARTESIAN_POINT('Origin',(-55.4,15.,-34.645));
#2668=CARTESIAN_POINT('',(-56.85,10.,-34.645));
#2669=CARTESIAN_POINT('',(-56.85,10.,-34.645));
#2670=CARTESIAN_POINT('Origin',(-55.4,10.,-34.645));
#2671=CARTESIAN_POINT('Origin',(55.,10.,-34.645));
#2672=CARTESIAN_POINT('',(53.55,15.,-34.645));
#2673=CARTESIAN_POINT('Origin',(55.,15.,-34.645));
#2674=CARTESIAN_POINT('',(53.55,10.,-34.645));
#2675=CARTESIAN_POINT('',(53.55,10.,-34.645));
#2676=CARTESIAN_POINT('Origin',(55.,10.,-34.645));
#2677=CARTESIAN_POINT('Origin',(60.,10.,50.255));
#2678=CARTESIAN_POINT('',(60.,10.,-39.645));
#2679=CARTESIAN_POINT('',(60.,10.,50.255));
#2680=CARTESIAN_POINT('',(60.,10.,-39.645));
#2681=CARTESIAN_POINT('',(60.,15.,-39.645));
#2682=CARTESIAN_POINT('',(60.,10.,-39.645));
#2683=CARTESIAN_POINT('',(60.,15.,50.255));
#2684=CARTESIAN_POINT('',(60.,15.,-39.645));
#2685=CARTESIAN_POINT('',(60.,10.,50.255));
#2686=CARTESIAN_POINT('Origin',(-60.4,10.,50.255));
#2687=CARTESIAN_POINT('',(-60.4,10.,50.255));
#2688=CARTESIAN_POINT('',(60.,10.,50.255));
#2689=CARTESIAN_POINT('',(-60.4,15.,50.255));
#2690=CARTESIAN_POINT('',(60.,15.,50.255));
#2691=CARTESIAN_POINT('',(-60.4,10.,50.255));
#2692=CARTESIAN_POINT('Origin',(-60.4,10.,-39.645));
#2693=CARTESIAN_POINT('',(-60.4,10.,-39.645));
#2694=CARTESIAN_POINT('',(-60.4,10.,50.255));
#2695=CARTESIAN_POINT('',(-60.4,15.,-39.645));
#2696=CARTESIAN_POINT('',(-60.4,15.,50.255));
#2697=CARTESIAN_POINT('',(-60.4,10.,-39.645));
#2698=CARTESIAN_POINT('Origin',(60.,10.,-39.645));
#2699=CARTESIAN_POINT('',(-60.4,10.,-39.645));
#2700=CARTESIAN_POINT('',(-60.4,15.,-39.645));
#2701=CARTESIAN_POINT('Origin',(-0.200000000000005,15.,5.30500000000002));
#2702=CARTESIAN_POINT('Origin',(-0.200000000000005,10.,5.30500000000002));
#2703=CARTESIAN_POINT('',(0.,0.,0.));
#2704=CARTESIAN_POINT('Origin',(-0.199999999999996,23.3,5.30500000000002));
#2705=CARTESIAN_POINT('',(10.,23.3,40.255));
#2706=CARTESIAN_POINT('',(10.,23.3,50.255));
#2707=CARTESIAN_POINT('',(10.,23.3,27.78));
#2708=CARTESIAN_POINT('',(30.,23.3,40.255));
#2709=CARTESIAN_POINT('',(9.9,23.3,40.255));
#2710=CARTESIAN_POINT('',(30.,23.3,50.255));
#2711=CARTESIAN_POINT('',(30.,23.3,27.78));
#2712=CARTESIAN_POINT('',(60.,23.3,50.255));
#2713=CARTESIAN_POINT('',(-30.3,23.3,50.255));
#2714=CARTESIAN_POINT('',(60.,23.3,-39.645));
#2715=CARTESIAN_POINT('',(60.,23.3,27.78));
#2716=CARTESIAN_POINT('',(-60.4,23.3,-39.645));
#2717=CARTESIAN_POINT('',(29.9,23.3,-39.645));
#2718=CARTESIAN_POINT('',(-60.4,23.3,50.255));
#2719=CARTESIAN_POINT('',(-60.4,23.3,-17.17));
#2720=CARTESIAN_POINT('',(-30.3,23.3,50.255));
#2721=CARTESIAN_POINT('',(-31.4781000000001,23.3,32.313968));
#2722=CARTESIAN_POINT('',(-31.4781000000001,23.3,17.313968));
#2723=CARTESIAN_POINT('',(-31.4781000000001,23.3,18.809484));
#2724=CARTESIAN_POINT('',(-49.4781,23.3,32.313968));
#2725=CARTESIAN_POINT('',(-24.83905,23.3,32.313968));
#2726=CARTESIAN_POINT('',(-49.4781,23.3,17.313968));
#2727=CARTESIAN_POINT('',(-49.4781,23.3,11.309484));
#2728=CARTESIAN_POINT('',(-15.83905,23.3,17.313968));
#2729=CARTESIAN_POINT('',(49.0490059999999,23.3,32.37514));
#2730=CARTESIAN_POINT('',(49.0490059999999,23.3,17.37514));
#2731=CARTESIAN_POINT('',(49.0490059999999,23.3,18.84007));
#2732=CARTESIAN_POINT('',(31.049006,23.3,32.37514));
#2733=CARTESIAN_POINT('',(15.424503,23.3,32.37514));
#2734=CARTESIAN_POINT('',(31.049006,23.3,17.37514));
#2735=CARTESIAN_POINT('',(31.049006,23.3,11.34007));
#2736=CARTESIAN_POINT('',(24.424503,23.3,17.37514));
#2737=CARTESIAN_POINT('',(53.55,23.3,-34.645));
#2738=CARTESIAN_POINT('Origin',(55.,23.3,-34.645));
#2739=CARTESIAN_POINT('',(-56.85,23.3,-34.645));
#2740=CARTESIAN_POINT('Origin',(-55.4,23.3,-34.645));
#2741=CARTESIAN_POINT('',(-56.85,23.3,45.255));
#2742=CARTESIAN_POINT('Origin',(-55.4,23.3,45.255));
#2743=CARTESIAN_POINT('',(53.55,23.3,45.255));
#2744=CARTESIAN_POINT('Origin',(55.,23.3,45.255));
#2745=CARTESIAN_POINT('',(16.025,23.3,-25.275));
#2746=CARTESIAN_POINT('',(3.02500000000002,23.3,-25.275));
#2747=CARTESIAN_POINT('',(7.91250000000002,23.3,-25.275));
#2748=CARTESIAN_POINT('',(16.525,23.3,-24.775));
#2749=CARTESIAN_POINT('Origin',(16.025,23.3,-24.775));
#2750=CARTESIAN_POINT('',(16.525,23.3,-11.775));
#2751=CARTESIAN_POINT('',(16.525,23.3,-3.23499999999999));
#2752=CARTESIAN_POINT('',(16.025,23.3,-11.275));
#2753=CARTESIAN_POINT('Origin',(16.025,23.3,-11.775));
#2754=CARTESIAN_POINT('',(3.02500000000002,23.3,-11.275));
#2755=CARTESIAN_POINT('',(1.41250000000001,23.3,-11.275));
#2756=CARTESIAN_POINT('',(2.52500000000001,23.3,-11.775));
#2757=CARTESIAN_POINT('Origin',(3.02500000000002,23.3,-11.775));
#2758=CARTESIAN_POINT('',(2.52500000000001,23.3,-24.775));
#2759=CARTESIAN_POINT('',(2.52500000000001,23.3,-9.73499999999999));
#2760=CARTESIAN_POINT('Origin',(3.02500000000002,23.3,-24.775));
#2761=CARTESIAN_POINT('',(-6.47499999999997,23.3,-0.274999999999999));
#2762=CARTESIAN_POINT('',(-19.475,23.3,-0.274999999999999));
#2763=CARTESIAN_POINT('',(-3.33749999999998,23.3,-0.275));
#2764=CARTESIAN_POINT('',(-5.97499999999998,23.3,0.225));
#2765=CARTESIAN_POINT('Origin',(-6.47499999999997,23.3,0.225));
#2766=CARTESIAN_POINT('',(-5.97499999999998,23.3,13.225));
#2767=CARTESIAN_POINT('',(-5.97499999999998,23.3,9.26500000000001));
#2768=CARTESIAN_POINT('',(-6.47499999999997,23.3,13.725));
#2769=CARTESIAN_POINT('Origin',(-6.47499999999997,23.3,13.225));
#2770=CARTESIAN_POINT('',(-19.475,23.3,13.725));
#2771=CARTESIAN_POINT('',(-9.83749999999999,23.3,13.725));
#2772=CARTESIAN_POINT('',(-19.975,23.3,13.225));
#2773=CARTESIAN_POINT('Origin',(-19.475,23.3,13.225));
#2774=CARTESIAN_POINT('',(-19.975,23.3,0.225));
#2775=CARTESIAN_POINT('',(-19.975,23.3,2.76500000000001));
#2776=CARTESIAN_POINT('Origin',(-19.475,23.3,0.225));
#2777=CARTESIAN_POINT('',(6.62500000000001,23.3,19.325));
#2778=CARTESIAN_POINT('',(-6.37499999999998,23.3,19.325));
#2779=CARTESIAN_POINT('',(3.21250000000001,23.3,19.325));
#2780=CARTESIAN_POINT('',(7.12500000000002,23.3,19.825));
#2781=CARTESIAN_POINT('Origin',(6.62500000000001,23.3,19.825));
#2782=CARTESIAN_POINT('',(7.12500000000002,23.3,32.825));
#2783=CARTESIAN_POINT('',(7.12500000000002,23.3,19.065));
#2784=CARTESIAN_POINT('',(6.62500000000001,23.3,33.325));
#2785=CARTESIAN_POINT('Origin',(6.62500000000001,23.3,32.825));
#2786=CARTESIAN_POINT('',(-6.37499999999998,23.3,33.325));
#2787=CARTESIAN_POINT('',(-3.28749999999999,23.3,33.325));
#2788=CARTESIAN_POINT('',(-6.87499999999998,23.3,32.825));
#2789=CARTESIAN_POINT('Origin',(-6.37499999999998,23.3,32.825));
#2790=CARTESIAN_POINT('',(-6.87499999999998,23.3,19.825));
#2791=CARTESIAN_POINT('',(-6.87499999999998,23.3,12.565));
#2792=CARTESIAN_POINT('Origin',(-6.37499999999998,23.3,19.825));
#2793=CARTESIAN_POINT('',(39.525,23.3,-0.27499999999999));
#2794=CARTESIAN_POINT('',(26.525,23.3,-0.274999999999999));
#2795=CARTESIAN_POINT('',(19.6625,23.3,-0.275));
#2796=CARTESIAN_POINT('',(40.025,23.3,0.225));
#2797=CARTESIAN_POINT('Origin',(39.525,23.3,0.225));
#2798=CARTESIAN_POINT('',(40.025,23.3,13.225));
#2799=CARTESIAN_POINT('',(40.025,23.3,9.26500000000001));
#2800=CARTESIAN_POINT('',(39.525,23.3,13.725));
#2801=CARTESIAN_POINT('Origin',(39.525,23.3,13.225));
#2802=CARTESIAN_POINT('',(26.525,23.3,13.725));
#2803=CARTESIAN_POINT('',(13.1625,23.3,13.725));
#2804=CARTESIAN_POINT('',(26.025,23.3,13.225));
#2805=CARTESIAN_POINT('Origin',(26.525,23.3,13.225));
#2806=CARTESIAN_POINT('',(26.025,23.3,0.225));
#2807=CARTESIAN_POINT('',(26.025,23.3,2.76500000000001));
#2808=CARTESIAN_POINT('Origin',(26.525,23.3,0.225));
#2809=CARTESIAN_POINT('',(19.425,23.3,-0.274999999999999));
#2810=CARTESIAN_POINT('',(6.42500000000002,23.3,-0.274999999999999));
#2811=CARTESIAN_POINT('',(9.61250000000001,23.3,-0.275));
#2812=CARTESIAN_POINT('',(19.925,23.3,0.225));
#2813=CARTESIAN_POINT('Origin',(19.425,23.3,0.225));
#2814=CARTESIAN_POINT('',(19.925,23.3,13.225));
#2815=CARTESIAN_POINT('',(19.925,23.3,9.26500000000001));
#2816=CARTESIAN_POINT('',(19.425,23.3,13.725));
#2817=CARTESIAN_POINT('Origin',(19.425,23.3,13.225));
#2818=CARTESIAN_POINT('',(6.42500000000002,23.3,13.725));
#2819=CARTESIAN_POINT('',(3.11250000000001,23.3,13.725));
#2820=CARTESIAN_POINT('',(5.92500000000001,23.3,13.225));
#2821=CARTESIAN_POINT('Origin',(6.42500000000002,23.3,13.225));
#2822=CARTESIAN_POINT('',(5.92500000000001,23.3,0.225));
#2823=CARTESIAN_POINT('',(5.92500000000001,23.3,2.76500000000001));
#2824=CARTESIAN_POINT('Origin',(6.42500000000002,23.3,0.225));
#2825=CARTESIAN_POINT('',(-26.475,23.3,-0.274999999999999));
#2826=CARTESIAN_POINT('',(-39.475,23.3,-0.274999999999999));
#2827=CARTESIAN_POINT('',(-13.3375,23.3,-0.275));
#2828=CARTESIAN_POINT('',(-25.975,23.3,0.225));
#2829=CARTESIAN_POINT('Origin',(-26.475,23.3,0.225));
#2830=CARTESIAN_POINT('',(-25.975,23.3,13.225));
#2831=CARTESIAN_POINT('',(-25.975,23.3,9.26500000000001));
#2832=CARTESIAN_POINT('',(-26.475,23.3,13.725));
#2833=CARTESIAN_POINT('Origin',(-26.475,23.3,13.225));
#2834=CARTESIAN_POINT('',(-39.475,23.3,13.725));
#2835=CARTESIAN_POINT('',(-19.8375,23.3,13.725));
#2836=CARTESIAN_POINT('',(-39.975,23.3,13.225));
#2837=CARTESIAN_POINT('Origin',(-39.475,23.3,13.225));
#2838=CARTESIAN_POINT('',(-39.975,23.3,0.225));
#2839=CARTESIAN_POINT('',(-39.975,23.3,2.76500000000001));
#2840=CARTESIAN_POINT('Origin',(-39.475,23.3,0.225));
#2841=CARTESIAN_POINT('',(-3.07499999999997,23.3,-25.275));
#2842=CARTESIAN_POINT('',(-16.075,23.3,-25.275));
#2843=CARTESIAN_POINT('',(-1.63749999999999,23.3,-25.275));
#2844=CARTESIAN_POINT('',(-2.57499999999999,23.3,-24.775));
#2845=CARTESIAN_POINT('Origin',(-3.07499999999997,23.3,-24.775));
#2846=CARTESIAN_POINT('',(-2.57499999999999,23.3,-11.775));
#2847=CARTESIAN_POINT('',(-2.57499999999999,23.3,-3.23499999999999));
#2848=CARTESIAN_POINT('',(-3.07499999999997,23.3,-11.275));
#2849=CARTESIAN_POINT('Origin',(-3.07499999999997,23.3,-11.775));
#2850=CARTESIAN_POINT('',(-16.075,23.3,-11.275));
#2851=CARTESIAN_POINT('',(-8.13749999999999,23.3,-11.275));
#2852=CARTESIAN_POINT('',(-16.575,23.3,-11.775));
#2853=CARTESIAN_POINT('Origin',(-16.075,23.3,-11.775));
#2854=CARTESIAN_POINT('',(-16.575,23.3,-24.775));
#2855=CARTESIAN_POINT('',(-16.575,23.3,-9.73499999999999));
#2856=CARTESIAN_POINT('Origin',(-16.075,23.3,-24.775));
#2857=CARTESIAN_POINT('Origin',(-16.075,21.,-11.775));
#2858=CARTESIAN_POINT('',(-16.075,22.2,-11.275));
#2859=CARTESIAN_POINT('',(-16.075,21.,-11.275));
#2860=CARTESIAN_POINT('',(-16.575,22.2,-11.775));
#2861=CARTESIAN_POINT('Origin',(-16.075,22.2,-11.775));
#2862=CARTESIAN_POINT('',(-16.575,21.,-11.775));
#2863=CARTESIAN_POINT('Origin',(-16.075,21.,-11.275));
#2864=CARTESIAN_POINT('',(-3.07499999999997,22.2,-11.275));
#2865=CARTESIAN_POINT('',(-3.07499999999997,21.,-11.275));
#2866=CARTESIAN_POINT('',(-8.13749999999999,22.2,-11.275));
#2867=CARTESIAN_POINT('Origin',(-3.07499999999997,21.,-11.775));
#2868=CARTESIAN_POINT('',(-2.57499999999999,22.2,-11.775));
#2869=CARTESIAN_POINT('',(-2.57499999999999,21.,-11.775));
#2870=CARTESIAN_POINT('Origin',(-3.07499999999997,22.2,-11.775));
#2871=CARTESIAN_POINT('Origin',(-2.57499999999999,21.,-11.775));
#2872=CARTESIAN_POINT('',(-2.57499999999999,22.2,-24.775));
#2873=CARTESIAN_POINT('',(-2.57499999999999,21.,-24.775));
#2874=CARTESIAN_POINT('',(-2.57499999999999,22.2,-3.23499999999999));
#2875=CARTESIAN_POINT('Origin',(-39.475,21.,13.225));
#2876=CARTESIAN_POINT('',(-39.475,22.2,13.725));
#2877=CARTESIAN_POINT('',(-39.475,21.,13.725));
#2878=CARTESIAN_POINT('',(-39.975,22.2,13.225));
#2879=CARTESIAN_POINT('Origin',(-39.475,22.2,13.225));
#2880=CARTESIAN_POINT('',(-39.975,21.,13.225));
#2881=CARTESIAN_POINT('Origin',(-39.475,21.,13.725));
#2882=CARTESIAN_POINT('',(-26.475,22.2,13.725));
#2883=CARTESIAN_POINT('',(-26.475,21.,13.725));
#2884=CARTESIAN_POINT('',(-19.8375,22.2,13.725));
#2885=CARTESIAN_POINT('Origin',(-26.475,21.,13.225));
#2886=CARTESIAN_POINT('',(-25.975,22.2,13.225));
#2887=CARTESIAN_POINT('',(-25.975,21.,13.225));
#2888=CARTESIAN_POINT('Origin',(-26.475,22.2,13.225));
#2889=CARTESIAN_POINT('Origin',(-25.975,21.,13.225));
#2890=CARTESIAN_POINT('',(-25.975,22.2,0.225));
#2891=CARTESIAN_POINT('',(-25.975,21.,0.225));
#2892=CARTESIAN_POINT('',(-25.975,22.2,9.26500000000001));
#2893=CARTESIAN_POINT('Origin',(6.42500000000002,21.,13.225));
#2894=CARTESIAN_POINT('',(6.42500000000002,22.2,13.725));
#2895=CARTESIAN_POINT('',(6.42500000000002,21.,13.725));
#2896=CARTESIAN_POINT('',(5.92500000000001,22.2,13.225));
#2897=CARTESIAN_POINT('Origin',(6.42500000000002,22.2,13.225));
#2898=CARTESIAN_POINT('',(5.92500000000001,21.,13.225));
#2899=CARTESIAN_POINT('Origin',(6.42500000000002,21.,13.725));
#2900=CARTESIAN_POINT('',(19.425,22.2,13.725));
#2901=CARTESIAN_POINT('',(19.425,21.,13.725));
#2902=CARTESIAN_POINT('',(3.11250000000001,22.2,13.725));
#2903=CARTESIAN_POINT('Origin',(19.425,21.,13.225));
#2904=CARTESIAN_POINT('',(19.925,22.2,13.225));
#2905=CARTESIAN_POINT('',(19.925,21.,13.225));
#2906=CARTESIAN_POINT('Origin',(19.425,22.2,13.225));
#2907=CARTESIAN_POINT('Origin',(19.925,21.,13.225));
#2908=CARTESIAN_POINT('',(19.925,22.2,0.225));
#2909=CARTESIAN_POINT('',(19.925,21.,0.225));
#2910=CARTESIAN_POINT('',(19.925,22.2,9.26500000000001));
#2911=CARTESIAN_POINT('Origin',(26.525,21.,13.225));
#2912=CARTESIAN_POINT('',(26.525,22.2,13.725));
#2913=CARTESIAN_POINT('',(26.525,21.,13.725));
#2914=CARTESIAN_POINT('',(26.025,22.2,13.225));
#2915=CARTESIAN_POINT('Origin',(26.525,22.2,13.225));
#2916=CARTESIAN_POINT('',(26.025,21.,13.225));
#2917=CARTESIAN_POINT('Origin',(26.525,21.,13.725));
#2918=CARTESIAN_POINT('',(39.525,22.2,13.725));
#2919=CARTESIAN_POINT('',(39.525,21.,13.725));
#2920=CARTESIAN_POINT('',(13.1625,22.2,13.725));
#2921=CARTESIAN_POINT('Origin',(39.525,21.,13.225));
#2922=CARTESIAN_POINT('',(40.025,22.2,13.225));
#2923=CARTESIAN_POINT('',(40.025,21.,13.225));
#2924=CARTESIAN_POINT('Origin',(39.525,22.2,13.225));
#2925=CARTESIAN_POINT('Origin',(40.025,21.,13.225));
#2926=CARTESIAN_POINT('',(40.025,22.2,0.225));
#2927=CARTESIAN_POINT('',(40.025,21.,0.225));
#2928=CARTESIAN_POINT('',(40.025,22.2,9.26500000000001));
#2929=CARTESIAN_POINT('Origin',(-6.37499999999998,21.,32.825));
#2930=CARTESIAN_POINT('',(-6.37499999999998,22.2,33.325));
#2931=CARTESIAN_POINT('',(-6.37499999999998,21.,33.325));
#2932=CARTESIAN_POINT('',(-6.87499999999998,22.2,32.825));
#2933=CARTESIAN_POINT('Origin',(-6.37499999999998,22.2,32.825));
#2934=CARTESIAN_POINT('',(-6.87499999999998,21.,32.825));
#2935=CARTESIAN_POINT('Origin',(-6.37499999999998,21.,33.325));
#2936=CARTESIAN_POINT('',(6.62500000000001,22.2,33.325));
#2937=CARTESIAN_POINT('',(6.62500000000001,21.,33.325));
#2938=CARTESIAN_POINT('',(-3.28749999999998,22.2,33.325));
#2939=CARTESIAN_POINT('Origin',(6.62500000000001,21.,32.825));
#2940=CARTESIAN_POINT('',(7.12500000000002,22.2,32.825));
#2941=CARTESIAN_POINT('',(7.12500000000002,21.,32.825));
#2942=CARTESIAN_POINT('Origin',(6.62500000000001,22.2,32.825));
#2943=CARTESIAN_POINT('Origin',(7.12500000000002,21.,32.825));
#2944=CARTESIAN_POINT('',(7.12500000000002,22.2,19.825));
#2945=CARTESIAN_POINT('',(7.12500000000002,21.,19.825));
#2946=CARTESIAN_POINT('',(7.12500000000002,22.2,19.065));
#2947=CARTESIAN_POINT('Origin',(-19.475,21.,13.225));
#2948=CARTESIAN_POINT('',(-19.475,22.2,13.725));
#2949=CARTESIAN_POINT('',(-19.475,21.,13.725));
#2950=CARTESIAN_POINT('',(-19.975,22.2,13.225));
#2951=CARTESIAN_POINT('Origin',(-19.475,22.2,13.225));
#2952=CARTESIAN_POINT('',(-19.975,21.,13.225));
#2953=CARTESIAN_POINT('Origin',(-19.475,21.,13.725));
#2954=CARTESIAN_POINT('',(-6.47499999999997,22.2,13.725));
#2955=CARTESIAN_POINT('',(-6.47499999999997,21.,13.725));
#2956=CARTESIAN_POINT('',(-9.83749999999999,22.2,13.725));
#2957=CARTESIAN_POINT('Origin',(-6.47499999999997,21.,13.225));
#2958=CARTESIAN_POINT('',(-5.97499999999998,22.2,13.225));
#2959=CARTESIAN_POINT('',(-5.97499999999998,21.,13.225));
#2960=CARTESIAN_POINT('Origin',(-6.47499999999997,22.2,13.225));
#2961=CARTESIAN_POINT('Origin',(-5.97499999999998,21.,13.225));
#2962=CARTESIAN_POINT('',(-5.97499999999998,22.2,0.225));
#2963=CARTESIAN_POINT('',(-5.97499999999998,21.,0.225));
#2964=CARTESIAN_POINT('',(-5.97499999999998,22.2,9.26500000000001));
#2965=CARTESIAN_POINT('Origin',(3.02500000000002,21.,-11.775));
#2966=CARTESIAN_POINT('',(3.02500000000002,22.2,-11.275));
#2967=CARTESIAN_POINT('',(3.02500000000002,21.,-11.275));
#2968=CARTESIAN_POINT('',(2.52500000000001,22.2,-11.775));
#2969=CARTESIAN_POINT('Origin',(3.02500000000002,22.2,-11.775));
#2970=CARTESIAN_POINT('',(2.52500000000001,21.,-11.775));
#2971=CARTESIAN_POINT('Origin',(3.02500000000002,21.,-11.275));
#2972=CARTESIAN_POINT('',(16.025,22.2,-11.275));
#2973=CARTESIAN_POINT('',(16.025,21.,-11.275));
#2974=CARTESIAN_POINT('',(1.41250000000001,22.2,-11.275));
#2975=CARTESIAN_POINT('Origin',(16.025,21.,-11.775));
#2976=CARTESIAN_POINT('',(16.525,22.2,-11.775));
#2977=CARTESIAN_POINT('',(16.525,21.,-11.775));
#2978=CARTESIAN_POINT('Origin',(16.025,22.2,-11.775));
#2979=CARTESIAN_POINT('Origin',(16.525,21.,-11.775));
#2980=CARTESIAN_POINT('',(16.525,22.2,-24.775));
#2981=CARTESIAN_POINT('',(16.525,21.,-24.775));
#2982=CARTESIAN_POINT('',(16.525,22.2,-3.23499999999999));
#2983=CARTESIAN_POINT('Origin',(49.0490059999999,12.745,17.37514));
#2984=CARTESIAN_POINT('',(31.049006,22.2,17.37514));
#2985=CARTESIAN_POINT('',(31.049006,12.745,17.37514));
#2986=CARTESIAN_POINT('',(49.0490059999999,22.2,17.37514));
#2987=CARTESIAN_POINT('',(24.424503,22.2,17.37514));
#2988=CARTESIAN_POINT('',(49.0490059999999,23.2,17.37514));
#2989=CARTESIAN_POINT('Origin',(31.049006,12.745,17.37514));
#2990=CARTESIAN_POINT('',(31.049006,22.2,32.37514));
#2991=CARTESIAN_POINT('',(31.049006,12.745,32.37514));
#2992=CARTESIAN_POINT('',(31.049006,22.2,11.34007));
#2993=CARTESIAN_POINT('Origin',(-31.4781000000001,12.745,17.313968));
#2994=CARTESIAN_POINT('',(-49.4781,22.2,17.313968));
#2995=CARTESIAN_POINT('',(-49.4781,12.745,17.313968));
#2996=CARTESIAN_POINT('',(-31.4781000000001,22.2,17.313968));
#2997=CARTESIAN_POINT('',(-15.83905,22.2,17.313968));
#2998=CARTESIAN_POINT('',(-31.4781000000001,23.2,17.313968));
#2999=CARTESIAN_POINT('Origin',(-49.4781,12.745,17.313968));
#3000=CARTESIAN_POINT('',(-49.4781,22.2,32.313968));
#3001=CARTESIAN_POINT('',(-49.4781,12.745,32.313968));
#3002=CARTESIAN_POINT('',(-49.4781,22.2,11.309484));
#3003=CARTESIAN_POINT('Origin',(60.,8.,-39.645));
#3004=CARTESIAN_POINT('',(60.,15.,-39.645));
#3005=CARTESIAN_POINT('',(60.,8.,-39.645));
#3006=CARTESIAN_POINT('',(-60.4,15.,-39.645));
#3007=CARTESIAN_POINT('',(-60.4,15.,-39.645));
#3008=CARTESIAN_POINT('',(-60.4,8.,-39.645));
#3009=CARTESIAN_POINT('Origin',(60.,8.,50.255));
#3010=CARTESIAN_POINT('',(60.,15.,50.255));
#3011=CARTESIAN_POINT('',(60.,8.,50.255));
#3012=CARTESIAN_POINT('',(60.,15.,-39.645));
#3013=CARTESIAN_POINT('Origin',(-60.4,8.,50.255));
#3014=CARTESIAN_POINT('',(30.,15.,50.255));
#3015=CARTESIAN_POINT('',(30.,16.,50.255));
#3016=CARTESIAN_POINT('',(60.,15.,50.255));
#3017=CARTESIAN_POINT('Origin',(30.,24.,50.255));
#3018=CARTESIAN_POINT('',(30.,22.2,40.255));
#3019=CARTESIAN_POINT('',(30.,25.,40.255));
#3020=CARTESIAN_POINT('',(30.,15.,40.255));
#3021=CARTESIAN_POINT('',(30.,16.,40.255));
#3022=CARTESIAN_POINT('',(30.,15.,27.78));
#3023=CARTESIAN_POINT('Origin',(-0.199999999999996,22.2,5.30500000000002));
#3024=CARTESIAN_POINT('',(-50.4,22.2,-29.645));
#3025=CARTESIAN_POINT('',(-50.4,22.2,40.255));
#3026=CARTESIAN_POINT('',(-50.4,22.2,22.78));
#3027=CARTESIAN_POINT('',(50.,22.2,-29.645));
#3028=CARTESIAN_POINT('',(-25.3,22.2,-29.645));
#3029=CARTESIAN_POINT('',(50.,22.2,40.255));
#3030=CARTESIAN_POINT('',(50.,22.2,-12.17));
#3031=CARTESIAN_POINT('',(24.9,22.2,40.255));
#3032=CARTESIAN_POINT('',(10.,22.2,40.255));
#3033=CARTESIAN_POINT('',(50.,22.2,40.255));
#3034=CARTESIAN_POINT('',(24.9,22.2,40.255));
#3035=CARTESIAN_POINT('',(-3.07499999999997,22.2,-25.275));
#3036=CARTESIAN_POINT('',(-16.075,22.2,-25.275));
#3037=CARTESIAN_POINT('',(-1.63749999999999,22.2,-25.275));
#3038=CARTESIAN_POINT('',(-16.575,22.2,-24.775));
#3039=CARTESIAN_POINT('Origin',(-16.075,22.2,-24.775));
#3040=CARTESIAN_POINT('',(-16.575,22.2,-9.73499999999999));
#3041=CARTESIAN_POINT('Origin',(-3.07499999999997,22.2,-24.775));
#3042=CARTESIAN_POINT('',(-26.475,22.2,-0.274999999999999));
#3043=CARTESIAN_POINT('',(-39.475,22.2,-0.274999999999999));
#3044=CARTESIAN_POINT('',(-13.3375,22.2,-0.275));
#3045=CARTESIAN_POINT('',(-39.975,22.2,0.225));
#3046=CARTESIAN_POINT('Origin',(-39.475,22.2,0.225));
#3047=CARTESIAN_POINT('',(-39.975,22.2,2.76500000000001));
#3048=CARTESIAN_POINT('Origin',(-26.475,22.2,0.225));
#3049=CARTESIAN_POINT('',(19.425,22.2,-0.274999999999999));
#3050=CARTESIAN_POINT('',(6.42500000000002,22.2,-0.274999999999999));
#3051=CARTESIAN_POINT('',(9.61250000000001,22.2,-0.275));
#3052=CARTESIAN_POINT('',(5.92500000000001,22.2,0.225));
#3053=CARTESIAN_POINT('Origin',(6.42500000000002,22.2,0.225));
#3054=CARTESIAN_POINT('',(5.92500000000001,22.2,2.76500000000001));
#3055=CARTESIAN_POINT('Origin',(19.425,22.2,0.225));
#3056=CARTESIAN_POINT('',(39.525,22.2,-0.274999999999994));
#3057=CARTESIAN_POINT('',(26.525,22.2,-0.274999999999999));
#3058=CARTESIAN_POINT('',(19.6625,22.2,-0.275));
#3059=CARTESIAN_POINT('',(26.025,22.2,0.225));
#3060=CARTESIAN_POINT('Origin',(26.525,22.2,0.225));
#3061=CARTESIAN_POINT('',(26.025,22.2,2.76500000000001));
#3062=CARTESIAN_POINT('Origin',(39.525,22.2,0.225));
#3063=CARTESIAN_POINT('',(6.62500000000001,22.2,19.325));
#3064=CARTESIAN_POINT('',(-6.37499999999998,22.2,19.325));
#3065=CARTESIAN_POINT('',(3.21250000000001,22.2,19.325));
#3066=CARTESIAN_POINT('',(-6.87499999999998,22.2,19.825));
#3067=CARTESIAN_POINT('Origin',(-6.37499999999998,22.2,19.825));
#3068=CARTESIAN_POINT('',(-6.87499999999998,22.2,12.565));
#3069=CARTESIAN_POINT('Origin',(6.62500000000001,22.2,19.825));
#3070=CARTESIAN_POINT('',(-6.47499999999997,22.2,-0.274999999999999));
#3071=CARTESIAN_POINT('',(-19.475,22.2,-0.274999999999999));
#3072=CARTESIAN_POINT('',(-3.33749999999998,22.2,-0.275));
#3073=CARTESIAN_POINT('',(-19.975,22.2,0.225));
#3074=CARTESIAN_POINT('Origin',(-19.475,22.2,0.225));
#3075=CARTESIAN_POINT('',(-19.975,22.2,2.76500000000001));
#3076=CARTESIAN_POINT('Origin',(-6.47499999999997,22.2,0.225));
#3077=CARTESIAN_POINT('',(16.025,22.2,-25.275));
#3078=CARTESIAN_POINT('',(3.02500000000002,22.2,-25.275));
#3079=CARTESIAN_POINT('',(7.91250000000002,22.2,-25.275));
#3080=CARTESIAN_POINT('',(2.52500000000001,22.2,-24.775));
#3081=CARTESIAN_POINT('Origin',(3.02500000000002,22.2,-24.775));
#3082=CARTESIAN_POINT('',(2.52500000000001,22.2,-9.73499999999999));
#3083=CARTESIAN_POINT('Origin',(16.025,22.2,-24.775));
#3084=CARTESIAN_POINT('',(49.0490059999999,22.2,32.37514));
#3085=CARTESIAN_POINT('',(49.0490059999999,22.2,18.84007));
#3086=CARTESIAN_POINT('',(15.424503,22.2,32.37514));
#3087=CARTESIAN_POINT('',(-31.4781000000001,22.2,32.313968));
#3088=CARTESIAN_POINT('',(-31.4781000000001,22.2,18.809484));
#3089=CARTESIAN_POINT('',(-24.83905,22.2,32.313968));
#3090=CARTESIAN_POINT('Origin',(50.,8.,-29.645));
#3091=CARTESIAN_POINT('',(50.,15.,-29.645));
#3092=CARTESIAN_POINT('',(50.,8.,-29.645));
#3093=CARTESIAN_POINT('',(50.,15.,40.255));
#3094=CARTESIAN_POINT('',(50.,15.,-29.645));
#3095=CARTESIAN_POINT('',(50.,8.,40.255));
#3096=CARTESIAN_POINT('Origin',(-50.4,8.,-29.645));
#3097=CARTESIAN_POINT('',(-50.4,15.,-29.645));
#3098=CARTESIAN_POINT('',(-50.4,8.,-29.645));
#3099=CARTESIAN_POINT('',(-50.4,15.,-29.645));
#3100=CARTESIAN_POINT('Origin',(-50.4,8.,40.255));
#3101=CARTESIAN_POINT('',(-50.4,15.,40.255));
#3102=CARTESIAN_POINT('',(-50.4,8.,40.255));
#3103=CARTESIAN_POINT('',(-50.4,15.,40.255));
#3104=CARTESIAN_POINT('Origin',(50.,8.,40.255));
#3105=CARTESIAN_POINT('',(10.,15.,40.255));
#3106=CARTESIAN_POINT('',(10.,11.5,40.255));
#3107=CARTESIAN_POINT('',(50.,15.,40.255));
#3108=CARTESIAN_POINT('Origin',(-3.07499999999997,21.,-24.775));
#3109=CARTESIAN_POINT('',(-3.07499999999997,21.,-25.275));
#3110=CARTESIAN_POINT('Origin',(-26.475,21.,0.225));
#3111=CARTESIAN_POINT('',(-26.475,21.,-0.274999999999998));
#3112=CARTESIAN_POINT('Origin',(19.425,21.,0.225));
#3113=CARTESIAN_POINT('',(19.425,21.,-0.274999999999998));
#3114=CARTESIAN_POINT('Origin',(39.525,21.,0.225));
#3115=CARTESIAN_POINT('',(39.525,21.,-0.274999999999994));
#3116=CARTESIAN_POINT('Origin',(6.62500000000001,21.,19.825));
#3117=CARTESIAN_POINT('',(6.62500000000001,21.,19.325));
#3118=CARTESIAN_POINT('Origin',(-6.47499999999997,21.,0.225));
#3119=CARTESIAN_POINT('',(-6.47499999999997,21.,-0.274999999999998));
#3120=CARTESIAN_POINT('Origin',(16.025,21.,-24.775));
#3121=CARTESIAN_POINT('',(16.025,21.,-25.275));
#3122=CARTESIAN_POINT('Origin',(31.049006,12.745,32.37514));
#3123=CARTESIAN_POINT('',(49.0490059999999,12.745,32.37514));
#3124=CARTESIAN_POINT('Origin',(-49.4781,12.745,32.313968));
#3125=CARTESIAN_POINT('',(-31.4781000000001,12.745,32.313968));
#3126=CARTESIAN_POINT('Origin',(20.,19.5,40.255));
#3127=CARTESIAN_POINT('',(10.,11.5,40.255));
#3128=CARTESIAN_POINT('Origin',(10.,15.,50.255));
#3129=CARTESIAN_POINT('',(10.,15.,50.255));
#3130=CARTESIAN_POINT('',(10.,11.5,50.255));
#3131=CARTESIAN_POINT('',(10.,15.,27.78));
#3132=CARTESIAN_POINT('Origin',(50.,8.,40.255));
#3133=CARTESIAN_POINT('',(50.,15.,40.255));
#3134=CARTESIAN_POINT('Origin',(-0.199999999999996,15.,5.30500000000002));
#3135=CARTESIAN_POINT('',(-60.4,15.,50.255));
#3136=CARTESIAN_POINT('',(60.,15.,50.255));
#3137=CARTESIAN_POINT('',(-60.4,15.,50.255));
#3138=CARTESIAN_POINT('',(-56.85,15.,-34.645));
#3139=CARTESIAN_POINT('Origin',(-55.4,15.,-34.645));
#3140=CARTESIAN_POINT('',(53.55,15.,45.255));
#3141=CARTESIAN_POINT('Origin',(55.,15.,45.255));
#3142=CARTESIAN_POINT('',(53.55,15.,-34.645));
#3143=CARTESIAN_POINT('Origin',(55.,15.,-34.645));
#3144=CARTESIAN_POINT('',(-56.85,15.,45.255));
#3145=CARTESIAN_POINT('Origin',(-55.4,15.,45.255));
#3146=CARTESIAN_POINT('Origin',(-60.4,8.,50.255));
#3147=CARTESIAN_POINT('',(-60.4,8.,50.255));
#3148=CARTESIAN_POINT('Origin',(-31.4781000000001,12.745,32.313968));
#3149=CARTESIAN_POINT('Origin',(49.0490059999999,12.745,32.37514));
#3150=CARTESIAN_POINT('Origin',(-16.575,21.,-24.775));
#3151=CARTESIAN_POINT('',(-16.575,21.,-24.775));
#3152=CARTESIAN_POINT('Origin',(-16.075,21.,-24.775));
#3153=CARTESIAN_POINT('',(-16.075,23.2,-25.275));
#3154=CARTESIAN_POINT('Origin',(-3.07499999999997,21.,-25.275));
#3155=CARTESIAN_POINT('Origin',(-39.975,21.,0.225));
#3156=CARTESIAN_POINT('',(-39.975,21.,0.225));
#3157=CARTESIAN_POINT('Origin',(-39.475,21.,0.225));
#3158=CARTESIAN_POINT('',(-39.475,23.2,-0.275));
#3159=CARTESIAN_POINT('Origin',(-26.475,21.,-0.275));
#3160=CARTESIAN_POINT('Origin',(5.92500000000001,21.,0.225));
#3161=CARTESIAN_POINT('',(5.92500000000001,21.,0.225));
#3162=CARTESIAN_POINT('Origin',(6.42500000000002,21.,0.225));
#3163=CARTESIAN_POINT('',(6.42500000000002,23.2,-0.275));
#3164=CARTESIAN_POINT('Origin',(19.425,21.,-0.275));
#3165=CARTESIAN_POINT('Origin',(26.025,21.,0.225));
#3166=CARTESIAN_POINT('',(26.025,21.,0.225));
#3167=CARTESIAN_POINT('Origin',(26.525,21.,0.225));
#3168=CARTESIAN_POINT('',(26.525,23.2,-0.275));
#3169=CARTESIAN_POINT('Origin',(39.525,21.,-0.275));
#3170=CARTESIAN_POINT('Origin',(-6.87499999999998,21.,19.825));
#3171=CARTESIAN_POINT('',(-6.87499999999998,21.,19.825));
#3172=CARTESIAN_POINT('Origin',(-6.37499999999998,21.,19.825));
#3173=CARTESIAN_POINT('',(-6.37499999999998,23.2,19.325));
#3174=CARTESIAN_POINT('Origin',(6.62500000000001,21.,19.325));
#3175=CARTESIAN_POINT('Origin',(-19.975,21.,0.225));
#3176=CARTESIAN_POINT('',(-19.975,21.,0.225));
#3177=CARTESIAN_POINT('Origin',(-19.475,21.,0.225));
#3178=CARTESIAN_POINT('',(-19.475,23.2,-0.275));
#3179=CARTESIAN_POINT('Origin',(-6.47499999999997,21.,-0.275));
#3180=CARTESIAN_POINT('Origin',(2.52500000000001,21.,-24.775));
#3181=CARTESIAN_POINT('',(2.52500000000001,21.,-24.775));
#3182=CARTESIAN_POINT('Origin',(3.02500000000002,21.,-24.775));
#3183=CARTESIAN_POINT('',(3.02500000000002,23.2,-25.275));
#3184=CARTESIAN_POINT('Origin',(16.025,21.,-25.275));
#3185=CARTESIAN_POINT('Origin',(-55.4,8.,-34.645));
#3186=CARTESIAN_POINT('',(-56.85,8.,-34.645));
#3187=CARTESIAN_POINT('Origin',(55.,8.,45.255));
#3188=CARTESIAN_POINT('',(53.55,8.,45.255));
#3189=CARTESIAN_POINT('Origin',(55.,8.,-34.645));
#3190=CARTESIAN_POINT('',(53.55,8.,-34.645));
#3191=CARTESIAN_POINT('Origin',(-55.4,8.,45.255));
#3192=CARTESIAN_POINT('',(-56.85,8.,45.255));
#3193=CARTESIAN_POINT('Origin',(-60.4,8.,-39.645));
#3194=CARTESIAN_POINT('',(0.,0.,0.));
#3195=CARTESIAN_POINT('',(0.,0.,0.));
#3196=UNCERTAINTY_MEASURE_WITH_UNIT(LENGTH_MEASURE(0.01),#3204,
'DISTANCE_ACCURACY_VALUE',
'Maximum model space distance between geometric entities at asserted c
onnectivities');
#3197=UNCERTAINTY_MEASURE_WITH_UNIT(LENGTH_MEASURE(0.01),#3204,
'DISTANCE_ACCURACY_VALUE',
'Maximum model space distance between geometric entities at asserted c
onnectivities');
#3198=UNCERTAINTY_MEASURE_WITH_UNIT(LENGTH_MEASURE(0.01),#3204,
'DISTANCE_ACCURACY_VALUE',
'Maximum model space distance between geometric entities at asserted c
onnectivities');
#3199=UNCERTAINTY_MEASURE_WITH_UNIT(LENGTH_MEASURE(0.01),#3204,
'DISTANCE_ACCURACY_VALUE',
'Maximum model space distance between geometric entities at asserted c
onnectivities');
#3200=(
GEOMETRIC_REPRESENTATION_CONTEXT(3)
GLOBAL_UNCERTAINTY_ASSIGNED_CONTEXT((#3196))
GLOBAL_UNIT_ASSIGNED_CONTEXT((#3204,#3206,#3207))
REPRESENTATION_CONTEXT('','3D')
);
#3201=(
GEOMETRIC_REPRESENTATION_CONTEXT(3)
GLOBAL_UNCERTAINTY_ASSIGNED_CONTEXT((#3197))
GLOBAL_UNIT_ASSIGNED_CONTEXT((#3204,#3206,#3207))
REPRESENTATION_CONTEXT('','3D')
);
#3202=(
GEOMETRIC_REPRESENTATION_CONTEXT(3)
GLOBAL_UNCERTAINTY_ASSIGNED_CONTEXT((#3198))
GLOBAL_UNIT_ASSIGNED_CONTEXT((#3204,#3206,#3207))
REPRESENTATION_CONTEXT('','3D')
);
#3203=(
GEOMETRIC_REPRESENTATION_CONTEXT(3)
GLOBAL_UNCERTAINTY_ASSIGNED_CONTEXT((#3199))
GLOBAL_UNIT_ASSIGNED_CONTEXT((#3204,#3206,#3207))
REPRESENTATION_CONTEXT('','3D')
);
#3204=(
LENGTH_UNIT()
NAMED_UNIT(*)
SI_UNIT(.MILLI.,.METRE.)
);
#3205=(
LENGTH_UNIT()
NAMED_UNIT(*)
SI_UNIT($,.METRE.)
);
#3206=(
NAMED_UNIT(*)
PLANE_ANGLE_UNIT()
SI_UNIT($,.RADIAN.)
);
#3207=(
NAMED_UNIT(*)
SI_UNIT($,.STERADIAN.)
SOLID_ANGLE_UNIT()
);
#3208=SHAPE_DEFINITION_REPRESENTATION(#3211,#3216);
#3209=SHAPE_DEFINITION_REPRESENTATION(#3212,#3217);
#3210=SHAPE_DEFINITION_REPRESENTATION(#3213,#3218);
#3211=PRODUCT_DEFINITION_SHAPE('',$,#3220);
#3212=PRODUCT_DEFINITION_SHAPE('',$,#3221);
#3213=PRODUCT_DEFINITION_SHAPE('',$,#3222);
#3214=PRODUCT_DEFINITION_SHAPE($,$,#17);
#3215=PRODUCT_DEFINITION_SHAPE($,$,#18);
#3216=SHAPE_REPRESENTATION('',(#1942,#2111,#2112),#3200);
#3217=SHAPE_REPRESENTATION('',(#1943),#3201);
#3218=SHAPE_REPRESENTATION('',(#1962),#3202);
#3219=PRODUCT_DEFINITION_CONTEXT('part definition',#3230,'design');
#3220=PRODUCT_DEFINITION('2026-09-22-13-37-29-228','CASE',#3223,#3219);
#3221=PRODUCT_DEFINITION('2026-10-05-15-34-15-313','Component5',#3224,#3219);
#3222=PRODUCT_DEFINITION('2026-10-05-15-34-15-326','Component6',#3225,#3219);
#3223=PRODUCT_DEFINITION_FORMATION('',$,#3232);
#3224=PRODUCT_DEFINITION_FORMATION('',$,#3233);
#3225=PRODUCT_DEFINITION_FORMATION('',$,#3234);
#3226=PRODUCT_RELATED_PRODUCT_CATEGORY('CASE','CASE',(#3232));
#3227=PRODUCT_RELATED_PRODUCT_CATEGORY('Component5','Component5',(#3233));
#3228=PRODUCT_RELATED_PRODUCT_CATEGORY('Component6','Component6',(#3234));
#3229=APPLICATION_PROTOCOL_DEFINITION('international standard',
'automotive_design',2009,#3230);
#3230=APPLICATION_CONTEXT(
'Core Data for Automotive Mechanical Design Process');
#3231=PRODUCT_CONTEXT('part definition',#3230,'mechanical');
#3232=PRODUCT('2026-09-22-13-37-29-228','CASE',$,(#3231));
#3233=PRODUCT('2026-10-05-15-34-15-313','Component5',$,(#3231));
#3234=PRODUCT('2026-10-05-15-34-15-326','Component6',$,(#3231));
#3235=PRESENTATION_STYLE_ASSIGNMENT((#3237));
#3236=PRESENTATION_STYLE_ASSIGNMENT((#3238));
#3237=SURFACE_STYLE_USAGE(.BOTH.,#3239);
#3238=SURFACE_STYLE_USAGE(.BOTH.,#3240);
#3239=SURFACE_SIDE_STYLE('',(#3241));
#3240=SURFACE_SIDE_STYLE('',(#3242));
#3241=SURFACE_STYLE_FILL_AREA(#3243);
#3242=SURFACE_STYLE_FILL_AREA(#3244);
#3243=FILL_AREA_STYLE('Steel - Satin',(#3245));
#3244=FILL_AREA_STYLE('ABS (White)',(#3246));
#3245=FILL_AREA_STYLE_COLOUR('Steel - Satin',#3247);
#3246=FILL_AREA_STYLE_COLOUR('ABS (White)',#3248);
#3247=COLOUR_RGB('Steel - Satin',0.627450980392157,0.627450980392157,0.627450980392157);
#3248=COLOUR_RGB('ABS (White)',0.964705882352941,0.964705882352941,0.952941176470588);
ENDSEC;
END-ISO-10303-21;
